Viernes, 21 de agosto del 2026

$1.550

Jueves, 20 de agosto del 2026

$1.557,50

Martes, 18 de agosto del 2026

$1.542,50

Jueves, 13 de agosto del 2026

$1.542,50

Martes, 11 de agosto del 2026

$1.530

Viernes, 7 de agosto del 2026

$1.535

Miércoles, 5 de agosto del 2026

$1.550

Lunes, 3 de agosto del 2026

$1.560

Jueves, 30 de julio del 2026

$1.570

Martes, 28 de julio del 2026

$1.560

Viernes, 24 de julio del 2026

$1.557,50

Miércoles, 22 de julio del 2026

$1.540

Lunes, 20 de julio del 2026

$1.530

Jueves, 16 de julio del 2026

$1.525

Martes, 14 de julio del 2026

$1.515

Martes, 7 de julio del 2026

$1.515

Viernes, 3 de julio del 2026

$1.520

Miércoles, 1 de julio del 2026

$1.520

Lunes, 29 de junio del 2026

$1.512,50

Jueves, 25 de junio del 2026

$1.530

Martes, 23 de junio del 2026

$1.500

Viernes, 19 de junio del 2026

$1.482,50

Miércoles, 17 de junio del 2026

$1.472,50

Viernes, 12 de junio del 2026

$1.450

Miércoles, 10 de junio del 2026

$1.447,50

Lunes, 8 de junio del 2026

$1.435

Jueves, 4 de junio del 2026

$1.432,50

Martes, 2 de junio del 2026

$1.432,50

Viernes, 29 de mayo del 2026

$1.435

Miércoles, 27 de mayo del 2026

$1.432,50

Viernes, 22 de mayo del 2026

$1.427,50

Miércoles, 20 de mayo del 2026

$1.427,50

Lunes, 18 de mayo del 2026

$1.417,50

Jueves, 14 de mayo del 2026

$1.417,50

Martes, 12 de mayo del 2026

$1.402,50

Viernes, 8 de mayo del 2026

$1.400

Miércoles, 6 de mayo del 2026

$1.410

Lunes, 4 de mayo del 2026

$1.415

Miércoles, 29 de abril del 2026

$1.430

Lunes, 27 de abril del 2026

$1.420

Jueves, 23 de abril del 2026

$1.412,50

Martes, 21 de abril del 2026

$1.410

Viernes, 17 de abril del 2026

$1.415

Miércoles, 15 de abril del 2026

$1.405

Lunes, 13 de abril del 2026

$1.395

Jueves, 9 de abril del 2026

$1.392,50

Martes, 7 de abril del 2026

$1.397,50

Miércoles, 1 de abril del 2026

$1.410

Lunes, 30 de marzo del 2026

$1.425

Jueves, 26 de marzo del 2026

$1.425

Viernes, 20 de marzo del 2026

$1.430

Miércoles, 18 de marzo del 2026

$1.430

Lunes, 16 de marzo del 2026

$1.417,50

Jueves, 12 de marzo del 2026

$1.422,50

Martes, 10 de marzo del 2026

$1.420

Viernes, 6 de marzo del 2026

$1.407,50

Miércoles, 4 de marzo del 2026

$1.422,50

Lunes, 2 de marzo del 2026

$1.425

Jueves, 26 de febrero del 2026

$1.437,50

Martes, 24 de febrero del 2026

$1.425

Viernes, 20 de febrero del 2026

$1.432,50

Miércoles, 18 de febrero del 2026

$1.440

Jueves, 12 de febrero del 2026

$1.432,50

Martes, 10 de febrero del 2026

$1.435

Viernes, 6 de febrero del 2026

$1.447,50

Miércoles, 4 de febrero del 2026

$1.460

Lunes, 2 de febrero del 2026

$1.472,50

Jueves, 29 de enero del 2026

$1.487,50

Martes, 27 de enero del 2026

$1.485

Viernes, 23 de enero del 2026

$1.497,50

Miércoles, 21 de enero del 2026

$1.505

Lunes, 19 de enero del 2026

$1.510

Jueves, 15 de enero del 2026

$1.510

Martes, 13 de enero del 2026

$1.505

Viernes, 9 de enero del 2026

$1.510

Miércoles, 7 de enero del 2026

$1.515

Lunes, 5 de enero del 2026

$1.530

Martes, 30 de diciembre del 2025

$1.535

Viernes, 26 de diciembre del 2025

$1.505

Lunes, 22 de diciembre del 2025

$1.495

Jueves, 18 de diciembre del 2025

$1.495

Martes, 16 de diciembre del 2025

$1.462,50

Viernes, 12 de diciembre del 2025

$1.450

Miércoles, 10 de diciembre del 2025

$1.447,50

Viernes, 5 de diciembre del 2025

$1.430

Miércoles, 3 de diciembre del 2025

$1.442,50

Lunes, 1 de diciembre del 2025

$1.437,50

Jueves, 27 de noviembre del 2025

$1.455

Martes, 25 de noviembre del 2025

$1.445

Miércoles, 19 de noviembre del 2025

$1.430

Lunes, 17 de noviembre del 2025

$1.435

Jueves, 13 de noviembre del 2025

$1.437,50

Martes, 11 de noviembre del 2025

$1.420

Viernes, 7 de noviembre del 2025

$1.447,50

Martes, 4 de noviembre del 2025

$1.445

Viernes, 31 de octubre del 2025

$1.452,50

Miércoles, 29 de octubre del 2025

$1.467,50

Lunes, 27 de octubre del 2025

$1.517,50

Jueves, 23 de octubre del 2025

$1.547,50

Martes, 21 de octubre del 2025

$1.495

Viernes, 17 de octubre del 2025

$1.450

Miércoles, 15 de octubre del 2025

$1.412,50

Lunes, 13 de octubre del 2025

$1.467,50

Miércoles, 8 de octubre del 2025

$1.455

Lunes, 6 de octubre del 2025

$1.450

Jueves, 2 de octubre del 2025

$1.460

Martes, 30 de septiembre del 2025

$1.442,50

Viernes, 26 de septiembre del 2025

$1.405

Miércoles, 24 de septiembre del 2025

$1.442,50

Lunes, 22 de septiembre del 2025

$1.515

Jueves, 18 de septiembre del 2025

$1.472,50

Martes, 16 de septiembre del 2025

$1.440

Viernes, 12 de septiembre del 2025

$1.402,50

Miércoles, 10 de septiembre del 2025

$1.385

Lunes, 8 de septiembre del 2025

$1.367,50

Jueves, 4 de septiembre del 2025

$1.360

Martes, 2 de septiembre del 2025

$1.345

Viernes, 29 de agosto del 2025

$1.357,50

Miércoles, 27 de agosto del 2025

$1.365

Lunes, 25 de agosto del 2025

$1.342,50

Jueves, 21 de agosto del 2025

$1.340

Martes, 19 de agosto del 2025

$1.340

Jueves, 14 de agosto del 2025

$1.335

Martes, 12 de agosto del 2025

$1.330

Viernes, 8 de agosto del 2025

$1.322,50

Miércoles, 6 de agosto del 2025

$1.327,50

Lunes, 4 de agosto del 2025

$1.335

Jueves, 31 de julio del 2025

$1.320

Martes, 29 de julio del 2025

$1.317,50

Viernes, 25 de julio del 2025

$1.315

Miércoles, 23 de julio del 2025

$1.310

Lunes, 21 de julio del 2025

$1.315

Jueves, 17 de julio del 2025

$1.295

Martes, 15 de julio del 2025

$1.335

Viernes, 11 de julio del 2025

$1.297,50

Martes, 8 de julio del 2025

$1.250

Viernes, 4 de julio del 2025

$1.232,50

Miércoles, 2 de julio del 2025

$1.220

Lunes, 30 de junio del 2025

$1.210

Jueves, 26 de junio del 2025

$1.212,50

Martes, 24 de junio del 2025

$1.205

Jueves, 19 de junio del 2025

$1.197,50

Martes, 17 de junio del 2025

$1.187,50

Jueves, 12 de junio del 2025

$1.185

Martes, 10 de junio del 2025

$1.175

Viernes, 6 de junio del 2025

$1.175

Miércoles, 4 de junio del 2025

$1.162,50

Lunes, 2 de junio del 2025

$1.175

Jueves, 29 de mayo del 2025

$1.170

Martes, 27 de mayo del 2025

$1.170

Viernes, 23 de mayo del 2025

$1.170

Miércoles, 21 de mayo del 2025

$1.167,50

Lunes, 19 de mayo del 2025

$1.165

Jueves, 15 de mayo del 2025

$1.162,50

Martes, 13 de mayo del 2025

$1.175

Viernes, 9 de mayo del 2025

$1.167,50

Miércoles, 7 de mayo del 2025

$1.197,50

Lunes, 5 de mayo del 2025

$1.192,50

Martes, 29 de abril del 2025

$1.207,50

Viernes, 25 de abril del 2025

$1.225

Miércoles, 23 de abril del 2025

$1.197,50

Lunes, 21 de abril del 2025

$1.200

Martes, 15 de abril del 2025

$1.285

Viernes, 11 de abril del 2025

$1.360

Miércoles, 9 de abril del 2025

$1.352,50

Lunes, 7 de abril del 2025

$1.310

Jueves, 3 de abril del 2025

$1.320

Lunes, 31 de marzo del 2025

$1.300

Jueves, 27 de marzo del 2025

$1.302,50

Martes, 25 de marzo del 2025

$1.272,50

Jueves, 20 de marzo del 2025

$1.280

Martes, 18 de marzo del 2025

$1.247,50

Viernes, 14 de marzo del 2025

$1.235

Miércoles, 12 de marzo del 2025

$1.222,50

Lunes, 10 de marzo del 2025

$1.220

Jueves, 6 de marzo del 2025

$1.227,50

Viernes, 28 de febrero del 2025

$1.227,50

Miércoles, 26 de febrero del 2025

$1.240

Lunes, 24 de febrero del 2025

$1.227,50

Jueves, 20 de febrero del 2025

$1.230

Martes, 18 de febrero del 2025

$1.227,50

Viernes, 14 de febrero del 2025

$1.222,50

Miércoles, 12 de febrero del 2025

$1.207,50

Lunes, 10 de febrero del 2025

$1.210

Jueves, 6 de febrero del 2025

$1.215

Martes, 4 de febrero del 2025

$1.220

Viernes, 31 de enero del 2025

$1.220

Miércoles, 29 de enero del 2025

$1.230

Lunes, 27 de enero del 2025

$1.227,50

Jueves, 23 de enero del 2025

$1.237,50

Martes, 21 de enero del 2025

$1.237,50

Viernes, 17 de enero del 2025

$1.230

Miércoles, 15 de enero del 2025

$1.240

Lunes, 13 de enero del 2025

$1.222,50

Jueves, 9 de enero del 2025

$1.217,50

Martes, 7 de enero del 2025

$1.205

Viernes, 3 de enero del 2025

$1.217,50

Lunes, 30 de diciembre del 2024

$1.212,50

Jueves, 26 de diciembre del 2024

$1.180

Viernes, 20 de diciembre del 2024

$1.190

Miércoles, 18 de diciembre del 2024

$1.165

Lunes, 16 de diciembre del 2024

$1.100

Jueves, 12 de diciembre del 2024

$1.075

Martes, 10 de diciembre del 2024

$1.057,50

Viernes, 6 de diciembre del 2024

$1.067,50

Miércoles, 4 de diciembre del 2024

$1.095

Lunes, 2 de diciembre del 2024

$1.120

Jueves, 28 de noviembre del 2024

$1.130

Martes, 26 de noviembre del 2024

$1.130

Viernes, 22 de noviembre del 2024

$1.132,50

Miércoles, 20 de noviembre del 2024

$1.137,50

Viernes, 15 de noviembre del 2024

$1.140

Miércoles, 13 de noviembre del 2024

$1.135

Lunes, 11 de noviembre del 2024

$1.125

Jueves, 7 de noviembre del 2024

$1.142,50

Lunes, 4 de noviembre del 2024

$1.190

Jueves, 31 de octubre del 2024

$1.187,50

Martes, 29 de octubre del 2024

$1.222,50

Viernes, 25 de octubre del 2024

$1.222,50

Miércoles, 23 de octubre del 2024

$1.242,50

Lunes, 21 de octubre del 2024

$1.232,50

Jueves, 17 de octubre del 2024

$1.220

Martes, 15 de octubre del 2024

$1.212,50

Jueves, 10 de octubre del 2024

$1.177,50

Martes, 8 de octubre del 2024

$1.180

Viernes, 4 de octubre del 2024

$1.200

Miércoles, 2 de octubre del 2024

$1.217,50

Lunes, 30 de septiembre del 2024

$1.240

Jueves, 26 de septiembre del 2024

$1.237,50

Martes, 24 de septiembre del 2024

$1.245

Viernes, 20 de septiembre del 2024

$1.242,50

Miércoles, 18 de septiembre del 2024

$1.265

Lunes, 16 de septiembre del 2024

$1.270

Jueves, 12 de septiembre del 2024

$1.282,50

Martes, 10 de septiembre del 2024

$1.275

Viernes, 6 de septiembre del 2024

$1.262,50

Miércoles, 4 de septiembre del 2024

$1.307,50

Lunes, 2 de septiembre del 2024

$1.305

Jueves, 29 de agosto del 2024

$1.325

Martes, 27 de agosto del 2024

$1.345

Viernes, 23 de agosto del 2024

$1.350

Miércoles, 21 de agosto del 2024

$1.355

Lunes, 19 de agosto del 2024

$1.347,50

Jueves, 15 de agosto del 2024

$1.352,50

Martes, 13 de agosto del 2024

$1.357,50

Viernes, 9 de agosto del 2024

$1.365

Miércoles, 7 de agosto del 2024

$1.380

Lunes, 5 de agosto del 2024

$1.392,50

Jueves, 1 de agosto del 2024

$1.375

Martes, 30 de julio del 2024

$1.400

Viernes, 26 de julio del 2024

$1.440

Miércoles, 24 de julio del 2024

$1.447,50

Lunes, 22 de julio del 2024

$1.442,50

Jueves, 18 de julio del 2024

$1.455

Martes, 16 de julio del 2024

$1.410

Viernes, 12 de julio del 2024

$1.482,50

Miércoles, 10 de julio del 2024

$1.445

Viernes, 5 de julio del 2024

$1.412,50

Miércoles, 3 de julio del 2024

$1.417,50

Lunes, 1 de julio del 2024

$1.385

Jueves, 27 de junio del 2024

$1.360

Martes, 25 de junio del 2024

$1.347,50

Miércoles, 19 de junio del 2024

$1.302,50

Viernes, 14 de junio del 2024

$1.245

Miércoles, 12 de junio del 2024

$1.290

Lunes, 10 de junio del 2024

$1.272,50

Jueves, 6 de junio del 2024

$1.250

Martes, 4 de junio del 2024

$1.250

Viernes, 31 de mayo del 2024

$1.227,50

Miércoles, 29 de mayo del 2024

$1.220

Lunes, 27 de mayo del 2024

$1.212,50

Jueves, 23 de mayo del 2024

$1.277,50

Martes, 21 de mayo del 2024

$1.205

Viernes, 17 de mayo del 2024

$1.102,50

Miércoles, 15 de mayo del 2024

$1.085

Lunes, 13 de mayo del 2024

$1.042,50

Jueves, 9 de mayo del 2024

$1.042,50

Martes, 7 de mayo del 2024

$1.042,50

Viernes, 3 de mayo del 2024

$1.040

Martes, 30 de abril del 2024

$1.042,50

Viernes, 26 de abril del 2024

$1.055

Miércoles, 24 de abril del 2024

$1.032,50

Lunes, 22 de abril del 2024

$1.025

Jueves, 18 de abril del 2024

$1.027,50

Martes, 16 de abril del 2024

$1.025

Viernes, 12 de abril del 2024

$1.002,50

Miércoles, 10 de abril del 2024

$1.000

Lunes, 8 de abril del 2024

$985

Jueves, 4 de abril del 2024

$1.002,50

Miércoles, 27 de marzo del 2024

$1.015

Lunes, 25 de marzo del 2024

$1.020

Jueves, 21 de marzo del 2024

$1.032,50

Martes, 19 de marzo del 2024

$1.025

Viernes, 15 de marzo del 2024

$1.030

Miércoles, 13 de marzo del 2024

$1.012,50

Lunes, 11 de marzo del 2024

$990

Jueves, 7 de marzo del 2024

$1.000

Martes, 5 de marzo del 2024

$1.032,50

Viernes, 1 de marzo del 2024

$1.037,50

Miércoles, 28 de febrero del 2024

$1.057,50

Lunes, 26 de febrero del 2024

$1.082,50

Jueves, 22 de febrero del 2024

$1.100

Martes, 20 de febrero del 2024

$1.112,50

Viernes, 16 de febrero del 2024

$1.085

Miércoles, 14 de febrero del 2024

$1.125

Jueves, 8 de febrero del 2024

$1.157,50

Martes, 6 de febrero del 2024

$1.152,50

Viernes, 2 de febrero del 2024

$1.185

Miércoles, 31 de enero del 2024

$1.205

Lunes, 29 de enero del 2024

$1.235

Jueves, 25 de enero del 2024

$1.250

Martes, 23 de enero del 2024

$1.245

Viernes, 19 de enero del 2024

$1.222,50

Miércoles, 17 de enero del 2024

$1.202,50

Lunes, 15 de enero del 2024

$1.125

Jueves, 11 de enero del 2024

$1.135

Martes, 9 de enero del 2024

$1.085

Viernes, 5 de enero del 2024

$1.022,50

Miércoles, 3 de enero del 2024

$1.005

Viernes, 29 de diciembre del 2023

$1.012,50

Miércoles, 27 de diciembre del 2023

$997,50

Viernes, 22 de diciembre del 2023

$992,50

Miércoles, 20 de diciembre del 2023

$995

Lunes, 18 de diciembre del 2023

$977,50

Jueves, 14 de diciembre del 2023

$1.030

Martes, 12 de diciembre del 2023

$1.035

Jueves, 7 de diciembre del 2023

$972,50

Martes, 5 de diciembre del 2023

$920

Viernes, 1 de diciembre del 2023

$930

Miércoles, 29 de noviembre del 2023

$935

Lunes, 27 de noviembre del 2023

$992,50

Jueves, 23 de noviembre del 2023

$1.062,50

Martes, 21 de noviembre del 2023

$1.012,50

Jueves, 16 de noviembre del 2023

$960

Martes, 14 de noviembre del 2023

$925

Viernes, 10 de noviembre del 2023

$955

Miércoles, 8 de noviembre del 2023

$890

Viernes, 3 de noviembre del 2023

$925

Miércoles, 1 de noviembre del 2023

$917,50

Lunes, 30 de octubre del 2023

$980

Jueves, 26 de octubre del 2023

$990

Martes, 24 de octubre del 2023

$1.100

Viernes, 20 de octubre del 2023

$900

Miércoles, 18 de octubre del 2023

$945

Jueves, 12 de octubre del 2023

$995

Martes, 10 de octubre del 2023

$977,50

Viernes, 6 de octubre del 2023

$861,50

Miércoles, 4 de octubre del 2023

$810

Lunes, 2 de octubre del 2023

$800

Jueves, 28 de septiembre del 2023

$781,50

Martes, 26 de septiembre del 2023

$751,50

Viernes, 22 de septiembre del 2023

$745

Miércoles, 20 de septiembre del 2023

$737,50

Lunes, 18 de septiembre del 2023

$734

Jueves, 14 de septiembre del 2023

$728,50

Martes, 12 de septiembre del 2023

$723,50

Viernes, 8 de septiembre del 2023

$715

Miércoles, 6 de septiembre del 2023

$722,50

Lunes, 4 de septiembre del 2023

$732,50

Jueves, 31 de agosto del 2023

$737,50

Martes, 29 de agosto del 2023

$744

Viernes, 25 de agosto del 2023

$727,50

Miércoles, 23 de agosto del 2023

$731

Viernes, 18 de agosto del 2023

$740

Miércoles, 16 de agosto del 2023

$755

Lunes, 14 de agosto del 2023

$645

Jueves, 10 de agosto del 2023

$601

Martes, 8 de agosto del 2023

$596

Viernes, 4 de agosto del 2023

$572

Miércoles, 2 de agosto del 2023

$560

Lunes, 31 de julio del 2023

$550,50

Jueves, 27 de julio del 2023

$549,50

Martes, 25 de julio del 2023

$544

Viernes, 21 de julio del 2023

$527

Miércoles, 19 de julio del 2023

$522,50

Lunes, 17 de julio del 2023

$521

Jueves, 13 de julio del 2023

$507,50

Martes, 11 de julio del 2023

$496,50

Viernes, 7 de julio del 2023

$491,50

Miércoles, 5 de julio del 2023

$492,50

Lunes, 3 de julio del 2023

$494

Jueves, 29 de junio del 2023

$495

Martes, 27 de junio del 2023

$494,50

Viernes, 23 de junio del 2023

$494

Miércoles, 21 de junio del 2023

$492

Jueves, 15 de junio del 2023

$491,50

Martes, 13 de junio del 2023

$486,50

Viernes, 9 de junio del 2023

$483,50

Miércoles, 7 de junio del 2023

$484,50

Lunes, 5 de junio del 2023

$490

Jueves, 1 de junio del 2023

$491,50

Martes, 30 de mayo del 2023

$492,50

Miércoles, 24 de mayo del 2023

$491

Lunes, 22 de mayo del 2023

$487

Jueves, 18 de mayo del 2023

$487,50

Martes, 16 de mayo del 2023

$478,50

Viernes, 12 de mayo del 2023

$473,50

Miércoles, 10 de mayo del 2023

$470,50

Lunes, 8 de mayo del 2023

$468,50

Jueves, 4 de mayo del 2023

$471,50

Martes, 2 de mayo del 2023

$469

Jueves, 27 de abril del 2023

$470,50

Martes, 25 de abril del 2023

$478,50

Viernes, 21 de abril del 2023

$437

Miércoles, 19 de abril del 2023

$420,50

Lunes, 17 de abril del 2023

$404

Jueves, 13 de abril del 2023

$396

Martes, 11 de abril del 2023

$391,50

Miércoles, 5 de abril del 2023

$392

Lunes, 3 de abril del 2023

$394

Jueves, 30 de marzo del 2023

$395

Martes, 28 de marzo del 2023

$389,50

Jueves, 23 de marzo del 2023

$392,50

Martes, 21 de marzo del 2023

$384,50

Viernes, 17 de marzo del 2023

$381

Miércoles, 15 de marzo del 2023

$377

Lunes, 13 de marzo del 2023

$373

Jueves, 9 de marzo del 2023

$374,50

Martes, 7 de marzo del 2023

$373,50

Viernes, 3 de marzo del 2023

$376

Miércoles, 1 de marzo del 2023

$376

Lunes, 27 de febrero del 2023

$379

Jueves, 23 de febrero del 2023

$377

Viernes, 17 de febrero del 2023

$377,50

Miércoles, 15 de febrero del 2023

$379

Lunes, 13 de febrero del 2023

$378

Jueves, 9 de febrero del 2023

$381

Martes, 7 de febrero del 2023

$375

Viernes, 3 de febrero del 2023

$377,50

Miércoles, 1 de febrero del 2023

$382

Lunes, 30 de enero del 2023

$385,50

Jueves, 26 de enero del 2023

$382

Martes, 24 de enero del 2023

$376

Viernes, 20 de enero del 2023

$375,50

Miércoles, 18 de enero del 2023

$374

Lunes, 16 de enero del 2023

$369

Jueves, 12 de enero del 2023

$360

Martes, 10 de enero del 2023

$356

Viernes, 6 de enero del 2023

$353,50

Miércoles, 4 de enero del 2023

$354

Lunes, 2 de enero del 2023

$346

Jueves, 29 de diciembre del 2022

$353,50

Martes, 27 de diciembre del 2022

$351

Viernes, 23 de diciembre del 2022

$335

Miércoles, 21 de diciembre del 2022

$325,50

Lunes, 19 de diciembre del 2022

$323

Jueves, 15 de diciembre del 2022

$320

Martes, 13 de diciembre del 2022

$313,50

Miércoles, 7 de diciembre del 2022

$315,50

Lunes, 5 de diciembre del 2022

$312

Jueves, 1 de diciembre del 2022

$313,50

Martes, 29 de noviembre del 2022

$316,50

Viernes, 25 de noviembre del 2022

$319,50

Miércoles, 23 de noviembre del 2022

$310

Viernes, 18 de noviembre del 2022

$307

Miércoles, 16 de noviembre del 2022

$305

Lunes, 14 de noviembre del 2022

$293,50

Jueves, 10 de noviembre del 2022

$292

Martes, 8 de noviembre del 2022

$290,50

Viernes, 4 de noviembre del 2022

$288

Miércoles, 2 de noviembre del 2022

$290,50

Lunes, 31 de octubre del 2022

$291

Jueves, 27 de octubre del 2022

$291,50

Martes, 25 de octubre del 2022

$292

Viernes, 21 de octubre del 2022

$291

Miércoles, 19 de octubre del 2022

$291

Lunes, 17 de octubre del 2022

$288,50

Jueves, 13 de octubre del 2022

$290

Martes, 11 de octubre del 2022

$278,50

Miércoles, 5 de octubre del 2022

$282

Lunes, 3 de octubre del 2022

$286

Jueves, 29 de septiembre del 2022

$289

Martes, 27 de septiembre del 2022

$288

Viernes, 23 de septiembre del 2022

$287

Miércoles, 21 de septiembre del 2022

$287

Lunes, 19 de septiembre del 2022

$277

Jueves, 15 de septiembre del 2022

$276,50

Martes, 13 de septiembre del 2022

$272,50

Viernes, 9 de septiembre del 2022

$277

Miércoles, 7 de septiembre del 2022

$280

Lunes, 5 de septiembre del 2022

$277,50

Miércoles, 31 de agosto del 2022

$290,50

Lunes, 29 de agosto del 2022

$292

Jueves, 25 de agosto del 2022

$294

Martes, 23 de agosto del 2022

$294,50

Viernes, 19 de agosto del 2022

$294

Miércoles, 17 de agosto del 2022

$291,50

Viernes, 12 de agosto del 2022

$296

Miércoles, 10 de agosto del 2022

$294

Lunes, 8 de agosto del 2022

$292,50

Jueves, 4 de agosto del 2022

$294,50

Martes, 2 de agosto del 2022

$286,50

Viernes, 29 de julio del 2022

$305

Miércoles, 27 de julio del 2022

$324,50

Lunes, 25 de julio del 2022

$330

Jueves, 21 de julio del 2022

$327

Martes, 19 de julio del 2022

$296

Viernes, 15 de julio del 2022

$291

Miércoles, 13 de julio del 2022

$277,50

Lunes, 11 de julio del 2022

$270,50

Jueves, 7 de julio del 2022

$256

Martes, 5 de julio del 2022

$256

Viernes, 1 de julio del 2022

$238,50

Miércoles, 29 de junio del 2022

$239

Lunes, 27 de junio del 2022

$229

Jueves, 23 de junio del 2022

$224

Martes, 21 de junio del 2022

$218

Miércoles, 15 de junio del 2022

$220,50

Lunes, 13 de junio del 2022

$213

Jueves, 9 de junio del 2022

$208

Martes, 7 de junio del 2022

$205,50

Viernes, 3 de junio del 2022

$205,50

Miércoles, 1 de junio del 2022

$206

Lunes, 30 de mayo del 2022

$206,50

Jueves, 26 de mayo del 2022

$207,50

Lunes, 23 de mayo del 2022

$205,25

Jueves, 19 de mayo del 2022

$207

Lunes, 16 de mayo del 2022

$204,25

Jueves, 12 de mayo del 2022

$204,25

Martes, 10 de mayo del 2022

$201,75

Viernes, 6 de mayo del 2022

$201,25

Miércoles, 4 de mayo del 2022

$202,25

Lunes, 2 de mayo del 2022

$200,75

Jueves, 28 de abril del 2022

$205,25

Martes, 26 de abril del 2022

$209

Viernes, 22 de abril del 2022

$202,50

Miércoles, 20 de abril del 2022

$198,75

Lunes, 18 de abril del 2022

$195

Martes, 12 de abril del 2022

$195

Viernes, 8 de abril del 2022

$196,25

Miércoles, 6 de abril del 2022

$196

Lunes, 4 de abril del 2022

$199,50

Jueves, 31 de marzo del 2022

$200,50

Martes, 29 de marzo del 2022

$200

Viernes, 25 de marzo del 2022

$201,50

Martes, 22 de marzo del 2022

$201,50

Viernes, 18 de marzo del 2022

$202,25

Miércoles, 16 de marzo del 2022

$201

Lunes, 14 de marzo del 2022

$201

Jueves, 10 de marzo del 2022

$203,75

Martes, 8 de marzo del 2022

$201,50

Viernes, 4 de marzo del 2022

$202,50

Miércoles, 2 de marzo del 2022

$208,50

Jueves, 24 de febrero del 2022

$210,25

Martes, 22 de febrero del 2022

$210,75

Viernes, 18 de febrero del 2022

$212,50

Miércoles, 16 de febrero del 2022

$215

Lunes, 14 de febrero del 2022

$215,25

Jueves, 10 de febrero del 2022

$216,25

Martes, 8 de febrero del 2022

$214,50

Viernes, 4 de febrero del 2022

$215

Miércoles, 2 de febrero del 2022

$215,25

Lunes, 31 de enero del 2022

$212,75

Jueves, 27 de enero del 2022

$221,75

Martes, 25 de enero del 2022

$219,25

Viernes, 21 de enero del 2022

$216,50

Miércoles, 19 de enero del 2022

$212

Lunes, 17 de enero del 2022

$209,25

Jueves, 13 de enero del 2022

$209

Martes, 11 de enero del 2022

$207,50

Viernes, 7 de enero del 2022

$208,25

Miércoles, 5 de enero del 2022

$207

Lunes, 3 de enero del 2022

$207

Miércoles, 29 de diciembre del 2021

$207,50

Lunes, 27 de diciembre del 2021

$203,75

Miércoles, 22 de diciembre del 2021

$199,75

Lunes, 20 de diciembre del 2021

$200

Jueves, 16 de diciembre del 2021

$198,50

Martes, 14 de diciembre del 2021

$196

Viernes, 10 de diciembre del 2021

$196,25

Martes, 7 de diciembre del 2021

$198,50

Viernes, 3 de diciembre del 2021

$200,50

Miércoles, 1 de diciembre del 2021

$201

Lunes, 29 de noviembre del 2021

$201

Jueves, 25 de noviembre del 2021

$200,75

Martes, 23 de noviembre del 2021

$201,25

Jueves, 18 de noviembre del 2021

$201,25

Martes, 16 de noviembre del 2021

$200

Viernes, 12 de noviembre del 2021

$203,25

Miércoles, 10 de noviembre del 2021

$202,25

Lunes, 8 de noviembre del 2021

$199

Jueves, 4 de noviembre del 2021

$199

Martes, 2 de noviembre del 2021

$197

Viernes, 29 de octubre del 2021

$197,75

Miércoles, 27 de octubre del 2021

$196,50

Lunes, 25 de octubre del 2021

$194,50

Jueves, 21 de octubre del 2021

$189,50

Martes, 19 de octubre del 2021

$186,25

Viernes, 15 de octubre del 2021

$186

Miércoles, 13 de octubre del 2021

$185

Jueves, 7 de octubre del 2021

$185

Martes, 5 de octubre del 2021

$185

Viernes, 1 de octubre del 2021

$186

Miércoles, 29 de septiembre del 2021

$187

Lunes, 27 de septiembre del 2021

$186,25

Jueves, 23 de septiembre del 2021

$185

Martes, 21 de septiembre del 2021

$184

Viernes, 17 de septiembre del 2021

$185,50

Miércoles, 15 de septiembre del 2021

$183,75

Lunes, 13 de septiembre del 2021

$183

Jueves, 9 de septiembre del 2021

$186,75

Martes, 7 de septiembre del 2021

$182,75

Viernes, 3 de septiembre del 2021

$181,50

Miércoles, 1 de septiembre del 2021

$181,25

Lunes, 30 de agosto del 2021

$182

Jueves, 26 de agosto del 2021

$181,50

Martes, 24 de agosto del 2021

$182

Viernes, 20 de agosto del 2021

$181,75

Miércoles, 18 de agosto del 2021

$182,50

Viernes, 13 de agosto del 2021

$180,25

Miércoles, 11 de agosto del 2021

$178

Lunes, 9 de agosto del 2021

$178,75

Jueves, 5 de agosto del 2021

$180,50

Martes, 3 de agosto del 2021

$180,50

Viernes, 30 de julio del 2021

$180,25

Miércoles, 28 de julio del 2021

$181,50

Lunes, 26 de julio del 2021

$184,75

Jueves, 22 de julio del 2021

$183,50

Martes, 20 de julio del 2021

$181

Viernes, 16 de julio del 2021

$178,50

Miércoles, 14 de julio del 2021

$176,50

Lunes, 12 de julio del 2021

$175,50

Miércoles, 7 de julio del 2021

$171,50

Lunes, 5 de julio del 2021

$170,50

Jueves, 1 de julio del 2021

$168,50

Martes, 29 de junio del 2021

$171,50

Viernes, 25 de junio del 2021

$172

Miércoles, 23 de junio del 2021

$165,50

Viernes, 18 de junio del 2021

$163,50

Miércoles, 16 de junio del 2021

$161,50

Lunes, 14 de junio del 2021

$158

Jueves, 10 de junio del 2021

$156,50

Martes, 8 de junio del 2021

$156,50

Viernes, 4 de junio del 2021

$156,50

Miércoles, 2 de junio del 2021

$155,50

Lunes, 31 de mayo del 2021

$157

Jueves, 27 de mayo del 2021

$156

Viernes, 21 de mayo del 2021

$154

Miércoles, 19 de mayo del 2021

$156

Lunes, 17 de mayo del 2021

$153

Jueves, 13 de mayo del 2021

$151,50

Martes, 11 de mayo del 2021

$151,50

Viernes, 7 de mayo del 2021

$151

Miércoles, 5 de mayo del 2021

$152,50

Lunes, 3 de mayo del 2021

$151,50

Jueves, 29 de abril del 2021

$158

Martes, 27 de abril del 2021

$159,50

Viernes, 23 de abril del 2021

$149,50

Miércoles, 21 de abril del 2021

$143,50

Lunes, 19 de abril del 2021

$142,50

Jueves, 15 de abril del 2021

$143

Martes, 13 de abril del 2021

$142

Viernes, 9 de abril del 2021

$140

Miércoles, 7 de abril del 2021

$139,50

Lunes, 5 de abril del 2021

$140,50

Martes, 30 de marzo del 2021

$141,50

Viernes, 26 de marzo del 2021

$142,50

Martes, 23 de marzo del 2021

$143,50

Viernes, 19 de marzo del 2021

$144

Miércoles, 17 de marzo del 2021

$144

Lunes, 15 de marzo del 2021

$144

Jueves, 11 de marzo del 2021

$141,50

Martes, 9 de marzo del 2021

$144

Viernes, 5 de marzo del 2021

$144

Miércoles, 3 de marzo del 2021

$145

Lunes, 1 de marzo del 2021

$146

Jueves, 25 de febrero del 2021

$144

Martes, 23 de febrero del 2021

$146,50

Viernes, 19 de febrero del 2021

$147,50

Miércoles, 17 de febrero del 2021

$149,50

Jueves, 11 de febrero del 2021

$150

Martes, 9 de febrero del 2021

$151,50

Viernes, 5 de febrero del 2021

$150,50

Miércoles, 3 de febrero del 2021

$153

Lunes, 1 de febrero del 2021

$153

Jueves, 28 de enero del 2021

$154

Martes, 26 de enero del 2021

$156

Viernes, 22 de enero del 2021

$156

Miércoles, 20 de enero del 2021

$156,50

Lunes, 18 de enero del 2021

$159

Jueves, 14 de enero del 2021

$159,50

Martes, 12 de enero del 2021

$159

Viernes, 8 de enero del 2021

$161,50

Miércoles, 6 de enero del 2021

$160

Lunes, 4 de enero del 2021

$165,50

Martes, 29 de diciembre del 2020

$164,50

Miércoles, 23 de diciembre del 2020

$155

Lunes, 21 de diciembre del 2020

$150

Jueves, 17 de diciembre del 2020

$149,50

Martes, 15 de diciembre del 2020

$151

Viernes, 11 de diciembre del 2020

$147

Miércoles, 9 de diciembre del 2020

$149,50

Jueves, 3 de diciembre del 2020

$152

Martes, 1 de diciembre del 2020

$154

Viernes, 27 de noviembre del 2020

$156,50

Miércoles, 25 de noviembre del 2020

$159

Viernes, 20 de noviembre del 2020

$162

Miércoles, 18 de noviembre del 2020

$163,50

Lunes, 16 de noviembre del 2020

$167

Jueves, 12 de noviembre del 2020

$164,50

Martes, 10 de noviembre del 2020

$150

Jueves, 5 de noviembre del 2020

$159

Martes, 3 de noviembre del 2020

$166,50

Viernes, 30 de octubre del 2020

$172

Miércoles, 28 de octubre del 2020

$179,50

Lunes, 26 de octubre del 2020

$192,50

Jueves, 22 de octubre del 2020

$186,50

Martes, 20 de octubre del 2020

$180,50

Viernes, 16 de octubre del 2020

$174,50

Miércoles, 14 de octubre del 2020

$166,50

Viernes, 9 de octubre del 2020

$162,50

Miércoles, 7 de octubre del 2020

$153,50

Lunes, 5 de octubre del 2020

$150

Jueves, 1 de octubre del 2020

$146,50

Martes, 29 de septiembre del 2020

$145,50

Viernes, 25 de septiembre del 2020

$146

Miércoles, 23 de septiembre del 2020

$144,50

Lunes, 21 de septiembre del 2020

$140,50

Jueves, 17 de septiembre del 2020

$143

Martes, 15 de septiembre del 2020

$131,50

Viernes, 11 de septiembre del 2020

$131

Miércoles, 9 de septiembre del 2020

$131

Lunes, 7 de septiembre del 2020

$131,50

Jueves, 3 de septiembre del 2020

$133,50

Martes, 1 de septiembre del 2020

$134

Viernes, 28 de agosto del 2020

$137

Miércoles, 26 de agosto del 2020

$137

Lunes, 24 de agosto del 2020

$137,50

Jueves, 20 de agosto del 2020

$135

Martes, 18 de agosto del 2020

$132

Jueves, 13 de agosto del 2020

$132,50

Martes, 11 de agosto del 2020

$131

Viernes, 7 de agosto del 2020

$131

Miércoles, 5 de agosto del 2020

$128,50

Lunes, 3 de agosto del 2020

$136

Jueves, 30 de julio del 2020

$135,50

Martes, 28 de julio del 2020

$135,50

Viernes, 24 de julio del 2020

$137,50

Miércoles, 22 de julio del 2020

$132,50

Lunes, 20 de julio del 2020

$130

Jueves, 16 de julio del 2020

$128,50

Martes, 14 de julio del 2020

$127

Miércoles, 8 de julio del 2020

$127

Lunes, 6 de julio del 2020

$127

Jueves, 2 de julio del 2020

$128,50

Martes, 30 de junio del 2020

$127,50

Viernes, 26 de junio del 2020

$128,50

Miércoles, 24 de junio del 2020

$127,50

Lunes, 22 de junio del 2020

$127,50

Jueves, 18 de junio del 2020

$125,50

Martes, 16 de junio del 2020

$125,50

Jueves, 11 de junio del 2020

$123,50

Martes, 9 de junio del 2020

$124,50

Viernes, 5 de junio del 2020

$124

Miércoles, 3 de junio del 2020

$123,50

Lunes, 1 de junio del 2020

$126,50

Jueves, 28 de mayo del 2020

$125,50

Martes, 26 de mayo del 2020

$127,50

Jueves, 21 de mayo del 2020

$124,50

Martes, 19 de mayo del 2020

$126

Viernes, 15 de mayo del 2020

$138

Miércoles, 13 de mayo del 2020

$130

Lunes, 11 de mayo del 2020

$123,25

Jueves, 7 de mayo del 2020

$122

Martes, 5 de mayo del 2020

$120

Jueves, 30 de abril del 2020

$119,50

Martes, 28 de abril del 2020

$119

Viernes, 24 de abril del 2020

$118,50

Miércoles, 22 de abril del 2020

$108,50

Lunes, 20 de abril del 2020

$105

Jueves, 16 de abril del 2020

$98

Martes, 14 de abril del 2020

$89,63

Miércoles, 8 de abril del 2020

$85

Lunes, 6 de abril del 2020

$84,25

Jueves, 2 de abril del 2020

$83,50

Lunes, 30 de marzo del 2020

$83,50

Jueves, 26 de marzo del 2020

$84,50

Viernes, 20 de marzo del 2020

$85,50

Miércoles, 18 de marzo del 2020

$87,88

Lunes, 16 de marzo del 2020

$84,38

Jueves, 12 de marzo del 2020

$81,50

Martes, 10 de marzo del 2020

$79,63

Viernes, 6 de marzo del 2020

$78,50

Miércoles, 4 de marzo del 2020

$78,50

Lunes, 2 de marzo del 2020

$78,50

Jueves, 27 de febrero del 2020

$78,60

Viernes, 21 de febrero del 2020

$78,80

Miércoles, 19 de febrero del 2020

$78,80

Lunes, 17 de febrero del 2020

$77,95

Jueves, 13 de febrero del 2020

$78,58

Martes, 11 de febrero del 2020

$77,25

Viernes, 7 de febrero del 2020

$77,50

Miércoles, 5 de febrero del 2020

$78

Lunes, 3 de febrero del 2020

$78

Jueves, 30 de enero del 2020

$78,13

Martes, 28 de enero del 2020

$78,13

Viernes, 24 de enero del 2020

$78,13

Miércoles, 22 de enero del 2020

$77,63

Lunes, 20 de enero del 2020

$77,88

Jueves, 16 de enero del 2020

$77,88

Martes, 14 de enero del 2020

$77

Viernes, 10 de enero del 2020

$76,50

Miércoles, 8 de enero del 2020

$76,38

Lunes, 6 de enero del 2020

$77,13

Jueves, 2 de enero del 2020

$77,75

Viernes, 27 de diciembre del 2019

$79,25

Lunes, 23 de diciembre del 2019

$75,88

Jueves, 19 de diciembre del 2019

$75,88

Martes, 17 de diciembre del 2019

$73,25

Viernes, 13 de diciembre del 2019

$66,63

Miércoles, 11 de diciembre del 2019

$69

Lunes, 9 de diciembre del 2019

$70,50

Jueves, 5 de diciembre del 2019

$69,50

Martes, 3 de diciembre del 2019

$68,38

Viernes, 29 de noviembre del 2019

$69,50

Miércoles, 27 de noviembre del 2019

$68,75

Lunes, 25 de noviembre del 2019

$68,25

Jueves, 21 de noviembre del 2019

$66,75

Martes, 19 de noviembre del 2019

$66,63

Jueves, 14 de noviembre del 2019

$66,75

Martes, 12 de noviembre del 2019

$65

Viernes, 8 de noviembre del 2019

$64,63

Martes, 5 de noviembre del 2019

$65

Viernes, 1 de noviembre del 2019

$68,25

Miércoles, 30 de octubre del 2019

$67

Lunes, 28 de octubre del 2019

$74,88

Jueves, 24 de octubre del 2019

$69,75

Martes, 22 de octubre del 2019

$66,75

Viernes, 18 de octubre del 2019

$66,38

Miércoles, 16 de octubre del 2019

$64

Viernes, 11 de octubre del 2019

$63,25

Miércoles, 9 de octubre del 2019

$61,63

Lunes, 7 de octubre del 2019

$61,25

Jueves, 3 de octubre del 2019

$61,25

Martes, 1 de octubre del 2019

$61

Viernes, 27 de septiembre del 2019

$61,75

Miércoles, 25 de septiembre del 2019

$61,75

Lunes, 23 de septiembre del 2019

$62,50

Jueves, 19 de septiembre del 2019

$62,88

Martes, 17 de septiembre del 2019

$61,75

Viernes, 13 de septiembre del 2019

$60,75

Miércoles, 11 de septiembre del 2019

$58,88

Lunes, 9 de septiembre del 2019

$59

Jueves, 5 de septiembre del 2019

$59

Martes, 3 de septiembre del 2019

$62,25

Viernes, 30 de agosto del 2019

$61,88

Miércoles, 28 de agosto del 2019

$59,75

Lunes, 26 de agosto del 2019

$57,75

Jueves, 22 de agosto del 2019

$58,25

Martes, 20 de agosto del 2019

$58,50

Jueves, 15 de agosto del 2019

$60,50

Martes, 13 de agosto del 2019

$57

Viernes, 9 de agosto del 2019

$46,81

Miércoles, 7 de agosto del 2019

$46,45

Lunes, 5 de agosto del 2019

$46,25

Jueves, 1 de agosto del 2019

$45,32

Martes, 30 de julio del 2019

$45,15

Viernes, 26 de julio del 2019

$44,95

Miércoles, 24 de julio del 2019

$44,43

Lunes, 22 de julio del 2019

$44

Jueves, 18 de julio del 2019

$44,08

Martes, 16 de julio del 2019

$44,10

Viernes, 12 de julio del 2019

$43,23

Miércoles, 10 de julio del 2019

$42,85

Jueves, 4 de julio del 2019

$42,97

Martes, 2 de julio del 2019

$43,48

Viernes, 28 de junio del 2019

$44

Miércoles, 26 de junio del 2019

$44,15

Lunes, 24 de junio del 2019

$44,47

Miércoles, 19 de junio del 2019

$45,03

Viernes, 14 de junio del 2019

$45,25

Miércoles, 12 de junio del 2019

$45,40

Lunes, 10 de junio del 2019

$45,60

Jueves, 6 de junio del 2019

$45,63

Martes, 4 de junio del 2019

$46,05

Viernes, 31 de mayo del 2019

$45,95

Miércoles, 29 de mayo del 2019

$46,20

Lunes, 27 de mayo del 2019

$46,15

Jueves, 23 de mayo del 2019

$46,15

Martes, 21 de mayo del 2019

$46,30

Viernes, 17 de mayo del 2019

$46,05

Miércoles, 15 de mayo del 2019

$46

Lunes, 13 de mayo del 2019

$46

Jueves, 9 de mayo del 2019

$46

Martes, 7 de mayo del 2019

$46,25

Viernes, 3 de mayo del 2019

$46

Martes, 30 de abril del 2019

$45,54

Viernes, 26 de abril del 2019

$46,05

Miércoles, 24 de abril del 2019

$44,33

Lunes, 22 de abril del 2019

$43,90

Martes, 16 de abril del 2019

$43,65

Viernes, 12 de abril del 2019

$43,83

Miércoles, 10 de abril del 2019

$44

Lunes, 8 de abril del 2019

$44

Jueves, 4 de abril del 2019

$43,58

Lunes, 1 de abril del 2019

$43,58

Jueves, 28 de marzo del 2019

$43,90

Martes, 26 de marzo del 2019

$42,22

Viernes, 22 de marzo del 2019

$41,50

Miércoles, 20 de marzo del 2019

$41,25

Lunes, 18 de marzo del 2019

$41

Jueves, 14 de marzo del 2019

$41,25

Martes, 12 de marzo del 2019

$41,13

Viernes, 8 de marzo del 2019

$41,75

Miércoles, 6 de marzo del 2019

$39,75

Jueves, 28 de febrero del 2019

$39

Martes, 26 de febrero del 2019

$39

Viernes, 22 de febrero del 2019

$39

Miércoles, 20 de febrero del 2019

$39,38

Lunes, 18 de febrero del 2019

$38,75

Jueves, 14 de febrero del 2019

$38,38

Martes, 12 de febrero del 2019

$38

Viernes, 8 de febrero del 2019

$37,63

Miércoles, 6 de febrero del 2019

$37,28

Lunes, 4 de febrero del 2019

$37,63

Jueves, 31 de enero del 2019

$37,88

Martes, 29 de enero del 2019

$38,38

Viernes, 25 de enero del 2019

$38,38

Miércoles, 23 de enero del 2019

$38,88

Lunes, 21 de enero del 2019

$38,88

Jueves, 17 de enero del 2019

$39,13

Martes, 15 de enero del 2019

$39,13

Viernes, 11 de enero del 2019

$39,25

Miércoles, 9 de enero del 2019

$39,50

Lunes, 7 de enero del 2019

$39,75

Jueves, 3 de enero del 2019

$40,38

Viernes, 28 de diciembre del 2018

$40,25

Miércoles, 26 de diciembre del 2018

$39,38

Jueves, 20 de diciembre del 2018

$39

Martes, 18 de diciembre del 2018

$38,50

Viernes, 14 de diciembre del 2018

$37,65

Miércoles, 12 de diciembre del 2018

$37,50

Lunes, 10 de diciembre del 2018

$37,50

Jueves, 6 de diciembre del 2018

$37,25

Martes, 4 de diciembre del 2018

$37

Jueves, 29 de noviembre del 2018

$38

Martes, 27 de noviembre del 2018

$38,75

Viernes, 23 de noviembre del 2018

$37

Miércoles, 21 de noviembre del 2018

$36,28

Viernes, 16 de noviembre del 2018

$36,08

Miércoles, 14 de noviembre del 2018

$36

Lunes, 12 de noviembre del 2018

$35,38

Jueves, 8 de noviembre del 2018

$35,50

Lunes, 5 de noviembre del 2018

$35,93

Jueves, 1 de noviembre del 2018

$36,38

Martes, 30 de octubre del 2018

$37

Viernes, 26 de octubre del 2018

$37,23

Miércoles, 24 de octubre del 2018

$37,25

Lunes, 22 de octubre del 2018

$37,50

Jueves, 18 de octubre del 2018

$37,73

Martes, 16 de octubre del 2018

$37,80

Jueves, 11 de octubre del 2018

$38

Martes, 9 de octubre del 2018

$38

Viernes, 5 de octubre del 2018

$38,65

Miércoles, 3 de octubre del 2018

$38,75

Lunes, 1 de octubre del 2018

$40,65

Jueves, 27 de septiembre del 2018

$39,88

Martes, 25 de septiembre del 2018

$39,13

Viernes, 21 de septiembre del 2018

$38,63

Miércoles, 19 de septiembre del 2018

$39,63

Lunes, 17 de septiembre del 2018

$40,18

Jueves, 13 de septiembre del 2018

$39

Martes, 11 de septiembre del 2018

$37,98

Viernes, 7 de septiembre del 2018

$38,05

Miércoles, 5 de septiembre del 2018

$39,60

Lunes, 3 de septiembre del 2018

$38,35

Jueves, 30 de agosto del 2018

$37,50

Martes, 28 de agosto del 2018

$32,60

Viernes, 24 de agosto del 2018

$31,15

Miércoles, 22 de agosto del 2018

$30,65

Viernes, 17 de agosto del 2018

$30,15

Miércoles, 15 de agosto del 2018

$30,50

Lunes, 13 de agosto del 2018

$30

Jueves, 9 de agosto del 2018

$28,40

Martes, 7 de agosto del 2018

$28,30

Viernes, 3 de agosto del 2018

$28,38

Miércoles, 1 de agosto del 2018

$28,45

Lunes, 30 de julio del 2018

$28,67

Jueves, 26 de julio del 2018

$28,70

Martes, 24 de julio del 2018

$28,75

Viernes, 20 de julio del 2018

$28,78

Miércoles, 18 de julio del 2018

$28,73

Lunes, 16 de julio del 2018

$28,77

Jueves, 12 de julio del 2018

$28,45

Martes, 10 de julio del 2018

$28,70

Jueves, 5 de julio del 2018

$28,92

Martes, 3 de julio del 2018

$29,15

Viernes, 29 de junio del 2018

$28,95

Miércoles, 27 de junio del 2018

$28,30

Lunes, 25 de junio del 2018

$28,20

Jueves, 21 de junio del 2018

$28,50

Lunes, 18 de junio del 2018

$28,60

Jueves, 14 de junio del 2018

$27,85

Martes, 12 de junio del 2018

$26,50

Viernes, 8 de junio del 2018

$25,92

Miércoles, 6 de junio del 2018

$25,73

Lunes, 4 de junio del 2018

$26

Jueves, 31 de mayo del 2018

$25,94

Martes, 29 de mayo del 2018

$25,85

Jueves, 24 de mayo del 2018

$25,62

Martes, 22 de mayo del 2018

$25,40

Viernes, 18 de mayo del 2018

$25,30

Miércoles, 16 de mayo del 2018

$24,90

Lunes, 14 de mayo del 2018

$25,53

Jueves, 10 de mayo del 2018

$23,53

Martes, 8 de mayo del 2018

$22,75

Viernes, 4 de mayo del 2018

$22,85

Miércoles, 2 de mayo del 2018

$21,25

Jueves, 26 de abril del 2018

$20,71

Martes, 24 de abril del 2018

$20,58

Viernes, 20 de abril del 2018

$20,57

Miércoles, 18 de abril del 2018

$20,67

Lunes, 16 de abril del 2018

$20,70

Jueves, 12 de abril del 2018

$20,70

Martes, 10 de abril del 2018

$20,61

Viernes, 6 de abril del 2018

$20,92

Miércoles, 4 de abril del 2018

$20,92

Lunes, 19 de marzo del 2018

$20,91

Jueves, 15 de marzo del 2018

$20,79

Martes, 13 de marzo del 2018

$20,64

Viernes, 9 de marzo del 2018

$20,63

Miércoles, 7 de marzo del 2018

$20,67

Lunes, 5 de marzo del 2018

$20,53

Jueves, 1 de marzo del 2018

$20,38

Martes, 27 de febrero del 2018

$20,40

Viernes, 23 de febrero del 2018

$20,33

Miércoles, 21 de febrero del 2018

$20,23

Lunes, 19 de febrero del 2018

$20,19

Jueves, 15 de febrero del 2018

$20,16

Viernes, 9 de febrero del 2018

$20,08

Miércoles, 7 de febrero del 2018

$19,87

Lunes, 5 de febrero del 2018

$19,92

Jueves, 1 de febrero del 2018

$19,94

Martes, 30 de enero del 2018

$20,04

Viernes, 26 de enero del 2018

$19,97

Miércoles, 24 de enero del 2018

$19,96

Lunes, 22 de enero del 2018

$19,75

Jueves, 18 de enero del 2018

$19,63

Martes, 16 de enero del 2018

$19,61

Viernes, 12 de enero del 2018

$19,48

Miércoles, 10 de enero del 2018

$19,43

Lunes, 8 de enero del 2018

$19,52

Jueves, 4 de enero del 2018

$19,35

Martes, 2 de enero del 2018

$19,27

Jueves, 28 de diciembre del 2017

$19,30

Martes, 26 de diciembre del 2017

$18,69

Jueves, 21 de diciembre del 2017

$18,15

Martes, 19 de diciembre del 2017

$18,20

Viernes, 15 de diciembre del 2017

$18,03

Miércoles, 13 de diciembre del 2017

$17,94

Lunes, 11 de diciembre del 2017

$17,91

Miércoles, 6 de diciembre del 2017

$17,96

Lunes, 4 de diciembre del 2017

$18,04

Jueves, 30 de noviembre del 2017

$18,04

Martes, 28 de noviembre del 2017

$18,13

Viernes, 24 de noviembre del 2017

$18,09

Miércoles, 22 de noviembre del 2017

$18,13

Viernes, 17 de noviembre del 2017

$18,08

Miércoles, 15 de noviembre del 2017

$18,06

Lunes, 13 de noviembre del 2017

$18,03

Jueves, 9 de noviembre del 2017

$17,92

Martes, 7 de noviembre del 2017

$18,01

Jueves, 2 de noviembre del 2017

$18,03

Martes, 31 de octubre del 2017

$18,13

Viernes, 27 de octubre del 2017

$18,10

Miércoles, 25 de octubre del 2017

$18,12

Lunes, 23 de octubre del 2017

$18,04

Jueves, 19 de octubre del 2017

$18,02

Martes, 17 de octubre del 2017

$17,96

Jueves, 12 de octubre del 2017

$17,87

Martes, 10 de octubre del 2017

$17,87

Viernes, 6 de octubre del 2017

$17,79

Miércoles, 4 de octubre del 2017

$17,86

Lunes, 2 de octubre del 2017

$17,94

Jueves, 28 de septiembre del 2017

$17,98

Martes, 26 de septiembre del 2017

$18,01

Viernes, 22 de septiembre del 2017

$17,95

Miércoles, 20 de septiembre del 2017

$17,96

Lunes, 18 de septiembre del 2017

$17,88

Jueves, 14 de septiembre del 2017

$17,86

Martes, 12 de septiembre del 2017

$17,91

Viernes, 8 de septiembre del 2017

$17,85

Miércoles, 6 de septiembre del 2017

$17,97

Lunes, 4 de septiembre del 2017

$18,13

Jueves, 31 de agosto del 2017

$18,25

Martes, 29 de agosto del 2017

$18,30

Viernes, 25 de agosto del 2017

$18,27

Miércoles, 23 de agosto del 2017

$18,31

Viernes, 18 de agosto del 2017

$18,33

Miércoles, 16 de agosto del 2017

$18,23

Lunes, 14 de agosto del 2017

$18,29

Jueves, 10 de agosto del 2017

$18,45

Martes, 8 de agosto del 2017

$18,30

Viernes, 4 de agosto del 2017

$18,17

Miércoles, 2 de agosto del 2017

$18,18

Lunes, 31 de julio del 2017

$18,26

Jueves, 27 de julio del 2017

$18,35

Martes, 25 de julio del 2017

$18,10

Viernes, 21 de julio del 2017

$17,90

Miércoles, 19 de julio del 2017

$17,83

Lunes, 17 de julio del 2017

$17,65

Jueves, 13 de julio del 2017

$17,55

Martes, 11 de julio del 2017

$17,36

Viernes, 7 de julio del 2017

$17,23

Miércoles, 5 de julio del 2017

$17,09

Lunes, 3 de julio del 2017

$16,88

Jueves, 29 de junio del 2017

$16,69

Martes, 27 de junio del 2017

$16,70

Viernes, 23 de junio del 2017

$16,55

Miércoles, 21 de junio del 2017

$16,67

Viernes, 16 de junio del 2017

$16,51

Miércoles, 14 de junio del 2017

$16,46

Lunes, 12 de junio del 2017

$16,38

Jueves, 8 de junio del 2017

$16,35

Martes, 6 de junio del 2017

$16,36

Viernes, 2 de junio del 2017

$16,31

Miércoles, 31 de mayo del 2017

$16,42

Lunes, 29 de mayo del 2017

$16,38

Miércoles, 24 de mayo del 2017

$16,29

Lunes, 22 de mayo del 2017

$16,17

Jueves, 18 de mayo del 2017

$16,13

Martes, 16 de mayo del 2017

$16,01

Viernes, 12 de mayo del 2017

$15,93

Miércoles, 10 de mayo del 2017

$15,95

Lunes, 8 de mayo del 2017

$15,96

Jueves, 4 de mayo del 2017

$15,90

Martes, 2 de mayo del 2017

$15,98

Jueves, 27 de abril del 2017

$16,01

Martes, 25 de abril del 2017

$16,11

Viernes, 21 de abril del 2017

$16,09

Miércoles, 19 de abril del 2017

$15,99

Lunes, 17 de abril del 2017

$15,80

Martes, 11 de abril del 2017

$15,66

Viernes, 7 de abril del 2017

$15,78

Miércoles, 5 de abril del 2017

$15,88

Lunes, 3 de abril del 2017

$15,99

Jueves, 30 de marzo del 2017

$15,90

Martes, 28 de marzo del 2017

$16,09

Jueves, 23 de marzo del 2017

$16,09

Martes, 21 de marzo del 2017

$16,17

Viernes, 17 de marzo del 2017

$16,06

Miércoles, 15 de marzo del 2017

$16,06

Lunes, 13 de marzo del 2017

$16,06

Jueves, 9 de marzo del 2017

$16,02

Martes, 7 de marzo del 2017

$16,10

Viernes, 3 de marzo del 2017

$16,05

Miércoles, 1 de marzo del 2017

$16,26

Jueves, 23 de febrero del 2017

$16,31

Martes, 21 de febrero del 2017

$16,46

Viernes, 17 de febrero del 2017

$16,38

Miércoles, 15 de febrero del 2017

$16,37

Lunes, 13 de febrero del 2017

$16,44

Jueves, 9 de febrero del 2017

$16,46

Martes, 7 de febrero del 2017

$16,49

Viernes, 3 de febrero del 2017

$16,50

Miércoles, 1 de febrero del 2017

$16,63

Lunes, 30 de enero del 2017

$16,75

Jueves, 26 de enero del 2017

$16,83

Martes, 24 de enero del 2017

$16,88

Viernes, 20 de enero del 2017

$16,88

Miércoles, 18 de enero del 2017

$16,87

Lunes, 16 de enero del 2017

$16,80

Jueves, 12 de enero del 2017

$16,81

Martes, 10 de enero del 2017

$16,87

Viernes, 6 de enero del 2017

$16,87

Miércoles, 4 de enero del 2017

$17,04

Lunes, 2 de enero del 2017

$16,93

Jueves, 29 de diciembre del 2016

$16,88

Martes, 27 de diciembre del 2016

$16,81

Viernes, 23 de diciembre del 2016

$16,65

Miércoles, 21 de diciembre del 2016

$16,58

Lunes, 19 de diciembre del 2016

$16,72

Jueves, 15 de diciembre del 2016

$16,55

Martes, 13 de diciembre del 2016

$16,35

Miércoles, 7 de diciembre del 2016

$16,24

Lunes, 5 de diciembre del 2016

$16,32

Jueves, 1 de diciembre del 2016

$16,20

Martes, 29 de noviembre del 2016

$16,10

Jueves, 24 de noviembre del 2016

$15,99

Martes, 22 de noviembre del 2016

$15,82

Viernes, 18 de noviembre del 2016

$15,83

Miércoles, 16 de noviembre del 2016

$15,83

Lunes, 14 de noviembre del 2016

$15,68

Jueves, 10 de noviembre del 2016

$15,37

Martes, 8 de noviembre del 2016

$15,45

Viernes, 4 de noviembre del 2016

$15,40

Miércoles, 2 de noviembre del 2016

$15,42

Lunes, 31 de octubre del 2016

$15,57

Jueves, 27 de octubre del 2016

$15,54

Martes, 25 de octubre del 2016

$15,61

Viernes, 21 de octubre del 2016

$15,57

Miércoles, 19 de octubre del 2016

$15,64

Lunes, 17 de octubre del 2016

$15,64

Jueves, 13 de octubre del 2016

$15,54

Martes, 11 de octubre del 2016

$15,57

Jueves, 6 de octubre del 2016

$15,59

Martes, 4 de octubre del 2016

$15,62

Viernes, 30 de septiembre del 2016

$15,73

Miércoles, 28 de septiembre del 2016

$15,77

Lunes, 26 de septiembre del 2016

$15,76

Jueves, 22 de septiembre del 2016

$15,69

Martes, 20 de septiembre del 2016

$15,68

Viernes, 16 de septiembre del 2016

$15,46

Miércoles, 14 de septiembre del 2016

$15,39

Lunes, 12 de septiembre del 2016

$15,40

Jueves, 8 de septiembre del 2016

$15,34

Martes, 6 de septiembre del 2016

$15,37

Viernes, 2 de septiembre del 2016

$15,34

Miércoles, 31 de agosto del 2016

$15,45

Lunes, 29 de agosto del 2016

$15,50

Jueves, 25 de agosto del 2016

$15,50

Martes, 23 de agosto del 2016

$15,48

Viernes, 19 de agosto del 2016

$15,43

Miércoles, 17 de agosto del 2016

$15,40

Viernes, 12 de agosto del 2016

$15,32

Miércoles, 10 de agosto del 2016

$15,33

Lunes, 8 de agosto del 2016

$15,29

Jueves, 4 de agosto del 2016

$15,33

Martes, 2 de agosto del 2016

$15,42

Viernes, 29 de julio del 2016

$15,50

Miércoles, 27 de julio del 2016

$15,54

Lunes, 25 de julio del 2016

$15,50

Jueves, 21 de julio del 2016

$15,35

Martes, 19 de julio del 2016

$15,31

Viernes, 15 de julio del 2016

$15,19

Miércoles, 13 de julio del 2016

$15,08

Lunes, 11 de julio del 2016

$14,97

Miércoles, 6 de julio del 2016

$14,96

Lunes, 4 de julio del 2016

$15,07

Jueves, 30 de junio del 2016

$15,04

Martes, 28 de junio del 2016

$15,17

Viernes, 24 de junio del 2016

$14,89

Miércoles, 22 de junio del 2016

$14,51

Jueves, 16 de junio del 2016

$14,44

Martes, 14 de junio del 2016

$14,41

Viernes, 10 de junio del 2016

$14,31

Miércoles, 8 de junio del 2016

$14,21

Lunes, 6 de junio del 2016

$14,22

Jueves, 2 de junio del 2016

$14,40

Martes, 31 de mayo del 2016

$14,58

Viernes, 27 de mayo del 2016

$14,67

Martes, 24 de mayo del 2016

$14,67

Viernes, 20 de mayo del 2016

$14,68

Miércoles, 18 de mayo del 2016

$14,69

Lunes, 16 de mayo del 2016

$14,66

Jueves, 12 de mayo del 2016

$14,65

Martes, 10 de mayo del 2016

$14,53

Viernes, 6 de mayo del 2016

$14,56

Miércoles, 4 de mayo del 2016

$14,67

Lunes, 2 de mayo del 2016

$14,66

Jueves, 28 de abril del 2016

$14,73

Martes, 26 de abril del 2016

$14,82

Viernes, 22 de abril del 2016

$14,84

Miércoles, 20 de abril del 2016

$14,71

Lunes, 18 de abril del 2016

$14,88

Jueves, 14 de abril del 2016

$14,95

Martes, 12 de abril del 2016

$14,99

Viernes, 8 de abril del 2016

$14,93

Miércoles, 6 de abril del 2016

$15,04

Lunes, 4 de abril del 2016

$15,20

Jueves, 31 de marzo del 2016

$15,28

Martes, 29 de marzo del 2016

$15,41

Miércoles, 23 de marzo del 2016

$15,32

Lunes, 21 de marzo del 2016

$15,48

Jueves, 17 de marzo del 2016

$15,50

Martes, 15 de marzo del 2016

$15,48

Viernes, 11 de marzo del 2016

$15,66

Miércoles, 9 de marzo del 2016

$15,73

Lunes, 7 de marzo del 2016

$15,73

Jueves, 3 de marzo del 2016

$15,81

Martes, 1 de marzo del 2016

$15,78

Viernes, 26 de febrero del 2016

$15,66

Miércoles, 24 de febrero del 2016

$15,51

Lunes, 22 de febrero del 2016

$15,38

Jueves, 18 de febrero del 2016

$15,34

Martes, 16 de febrero del 2016

$15,04

Viernes, 12 de febrero del 2016

$14,81

Miércoles, 10 de febrero del 2016

$14,42

Jueves, 4 de febrero del 2016

$14,40

Martes, 2 de febrero del 2016

$14,35

Viernes, 29 de enero del 2016

$14,28

Miércoles, 27 de enero del 2016

$14,36

Lunes, 25 de enero del 2016

$14,35

Jueves, 21 de enero del 2016

$14,36

Martes, 19 de enero del 2016

$14,37

Viernes, 15 de enero del 2016

$14,40

Miércoles, 13 de enero del 2016

$14,39

Lunes, 11 de enero del 2016

$14,45

Jueves, 7 de enero del 2016

$14,44

Martes, 5 de enero del 2016

$14,25

Jueves, 31 de diciembre del 2015

$14,32

Martes, 29 de diciembre del 2015

$14,37

Jueves, 24 de diciembre del 2015

$14,10

Martes, 22 de diciembre del 2015

$13,91

Viernes, 18 de diciembre del 2015

$14,28

Miércoles, 16 de diciembre del 2015

$14,56

Lunes, 14 de diciembre del 2015

$14,78

Jueves, 10 de diciembre del 2015

$14,75

Viernes, 4 de diciembre del 2015

$14,77

Miércoles, 2 de diciembre del 2015

$14,65

Lunes, 30 de noviembre del 2015

$14,85

Miércoles, 25 de noviembre del 2015

$15,18

Lunes, 23 de noviembre del 2015

$15,13

Jueves, 19 de noviembre del 2015

$15,31

Martes, 17 de noviembre del 2015

$15,23

Viernes, 13 de noviembre del 2015

$15,16

Miércoles, 11 de noviembre del 2015

$15,02

Lunes, 9 de noviembre del 2015

$14,80

Miércoles, 4 de noviembre del 2015

$15,49

Lunes, 2 de noviembre del 2015

$15,69

Jueves, 29 de octubre del 2015

$15,84

Martes, 27 de octubre del 2015

$15,83

Viernes, 23 de octubre del 2015

$16,04

Miércoles, 21 de octubre del 2015

$15,96

Lunes, 19 de octubre del 2015

$16,03

Jueves, 15 de octubre del 2015

$15,83

Martes, 13 de octubre del 2015

$15,83

Jueves, 8 de octubre del 2015

$15,76

Martes, 6 de octubre del 2015

$15,77

Viernes, 2 de octubre del 2015

$15,89

Miércoles, 30 de septiembre del 2015

$16,00

Lunes, 28 de septiembre del 2015

$16,04

Jueves, 24 de septiembre del 2015

$15,97

Martes, 22 de septiembre del 2015

$15,92

Viernes, 18 de septiembre del 2015

$15,89

Miércoles, 16 de septiembre del 2015

$15,77

Lunes, 14 de septiembre del 2015

$15,57

Jueves, 10 de septiembre del 2015

$15,55

Martes, 8 de septiembre del 2015

$15,48

Viernes, 4 de septiembre del 2015

$15,57

Miércoles, 2 de septiembre del 2015

$15,57

Lunes, 31 de agosto del 2015

$15,50

Jueves, 27 de agosto del 2015

$15,80

Martes, 25 de agosto del 2015

$15,91

Viernes, 21 de agosto del 2015

$15,45

Miércoles, 19 de agosto del 2015

$15,10

Viernes, 14 de agosto del 2015

$15,04

Miércoles, 12 de agosto del 2015

$14,85

Lunes, 10 de agosto del 2015

$14,87

Jueves, 6 de agosto del 2015

$14,97

Martes, 4 de agosto del 2015

$14,90

Viernes, 31 de julio del 2015

$14,93

Miércoles, 29 de julio del 2015

$14,95

Lunes, 27 de julio del 2015

$14,57

Jueves, 23 de julio del 2015

$14,77

Martes, 21 de julio del 2015

$14,82

Viernes, 17 de julio del 2015

$14,17

Miércoles, 15 de julio del 2015

$13,97

Lunes, 13 de julio del 2015

$13,74

Miércoles, 8 de julio del 2015

$13,60

Lunes, 6 de julio del 2015

$13,46

Jueves, 2 de julio del 2015

$13,55

Martes, 30 de junio del 2015

$13,35

Viernes, 26 de junio del 2015

$13,40

Miércoles, 24 de junio del 2015

$13,46

Lunes, 22 de junio del 2015

$13,04

Jueves, 18 de junio del 2015

$13,01

Martes, 16 de junio del 2015

$12,78

Viernes, 12 de junio del 2015

$12,68

Miércoles, 10 de junio del 2015

$12,62

Lunes, 8 de junio del 2015

$12,64

Jueves, 4 de junio del 2015

$12,65

Martes, 2 de junio del 2015

$12,64

Viernes, 29 de mayo del 2015

$12,68

Miércoles, 27 de mayo del 2015

$12,72

Viernes, 22 de mayo del 2015

$12,65

Miércoles, 20 de mayo del 2015

$12,67

Lunes, 18 de mayo del 2015

$12,66

Jueves, 14 de mayo del 2015

$12,61

Martes, 12 de mayo del 2015

$12,53

Viernes, 8 de mayo del 2015

$12,58

Miércoles, 6 de mayo del 2015

$12,59

Lunes, 4 de mayo del 2015

$12,66

Miércoles, 29 de abril del 2015

$12,73

Lunes, 27 de abril del 2015

$12,75

Jueves, 23 de abril del 2015

$12,82

Martes, 21 de abril del 2015

$12,70

Viernes, 17 de abril del 2015

$12,72

Miércoles, 15 de abril del 2015

$12,66

Lunes, 13 de abril del 2015

$12,41

Jueves, 9 de abril del 2015

$12,42

Martes, 7 de abril del 2015

$12,44

Miércoles, 1 de abril del 2015

$12,59

Lunes, 30 de marzo del 2015

$12,70

Jueves, 26 de marzo del 2015

$12,80

Viernes, 20 de marzo del 2015

$12,84

Miércoles, 18 de marzo del 2015

$12,92

Lunes, 16 de marzo del 2015

$12,93

Jueves, 12 de marzo del 2015

$12,87

Martes, 10 de marzo del 2015

$12,76

Viernes, 6 de marzo del 2015

$12,83

Miércoles, 4 de marzo del 2015

$12,93

Lunes, 2 de marzo del 2015

$13,02

Jueves, 26 de febrero del 2015

$13,13

Martes, 24 de febrero del 2015

$13,11

Viernes, 20 de febrero del 2015

$12,94

Miércoles, 18 de febrero del 2015

$13,10

Jueves, 12 de febrero del 2015

$13,14

Martes, 10 de febrero del 2015

$13,18

Viernes, 6 de febrero del 2015

$13,23

Miércoles, 4 de febrero del 2015

$13,31

Lunes, 2 de febrero del 2015

$13,49

Jueves, 29 de enero del 2015

$13,68

Martes, 27 de enero del 2015

$13,66

Viernes, 23 de enero del 2015

$13,69

Miércoles, 21 de enero del 2015

$13,65

Lunes, 19 de enero del 2015

$13,65

Jueves, 15 de enero del 2015

$13,62

Martes, 13 de enero del 2015

$13,65

Viernes, 9 de enero del 2015

$13,77

Miércoles, 7 de enero del 2015

$13,75

Lunes, 5 de enero del 2015

$13,78

Martes, 30 de diciembre del 2014

$13,68

Miércoles, 24 de diciembre del 2014

$13,38

Lunes, 22 de diciembre del 2014

$13,14

Jueves, 18 de diciembre del 2014

$13,13

Martes, 16 de diciembre del 2014

$13,16

Viernes, 12 de diciembre del 2014

$12,78

Miércoles, 10 de diciembre del 2014

$12,79

Viernes, 5 de diciembre del 2014

$12,85

Miércoles, 3 de diciembre del 2014

$13,03

Lunes, 1 de diciembre del 2014

$13,10

Jueves, 27 de noviembre del 2014

$13,25

Martes, 25 de noviembre del 2014

$13,37

Jueves, 20 de noviembre del 2014

$13,53

Martes, 18 de noviembre del 2014

$13,52

Viernes, 14 de noviembre del 2014

$13,39

Miércoles, 12 de noviembre del 2014

$13,42

Lunes, 10 de noviembre del 2014

$12,88

Miércoles, 5 de noviembre del 2014

$13,55

Lunes, 3 de noviembre del 2014

$14,09

Jueves, 30 de octubre del 2014

$14,43

Martes, 28 de octubre del 2014

$14,65

Viernes, 24 de octubre del 2014

$14,68

Miércoles, 22 de octubre del 2014

$14,70

Lunes, 20 de octubre del 2014

$14,69

Jueves, 16 de octubre del 2014

$14,69

Martes, 14 de octubre del 2014

$14,86

Jueves, 9 de octubre del 2014

$14,74

Martes, 7 de octubre del 2014

$14,83

Viernes, 3 de octubre del 2014

$15,40

Miércoles, 1 de octubre del 2014

$15,65

Lunes, 29 de septiembre del 2014

$15,68

Jueves, 25 de septiembre del 2014

$15,85

Martes, 23 de septiembre del 2014

$15,29

Viernes, 19 de septiembre del 2014

$15

Miércoles, 17 de septiembre del 2014

$14,90

Lunes, 15 de septiembre del 2014

$14,40

Jueves, 11 de septiembre del 2014

$14,26

Martes, 9 de septiembre del 2014

$14,23

Viernes, 5 de septiembre del 2014

$14

Miércoles, 3 de septiembre del 2014

$14,23

Lunes, 1 de septiembre del 2014

$14,13

Jueves, 28 de agosto del 2014

$14,38

Martes, 26 de agosto del 2014

$14,09

Viernes, 22 de agosto del 2014

$13,92

Miércoles, 20 de agosto del 2014

$13,38

Viernes, 15 de agosto del 2014

$13,20

Miércoles, 13 de agosto del 2014

$13,05

Lunes, 11 de agosto del 2014

$12,80

Jueves, 7 de agosto del 2014

$12,80

Martes, 5 de agosto del 2014

$12,70

Viernes, 1 de agosto del 2014

$12,75

Miércoles, 30 de julio del 2014

$12,55

Lunes, 28 de julio del 2014

$12,80

Jueves, 24 de julio del 2014

$12,55

Martes, 22 de julio del 2014

$12,36

Viernes, 18 de julio del 2014

$12,25

Miércoles, 16 de julio del 2014

$12,15

Lunes, 14 de julio del 2014

$11,95

Jueves, 10 de julio del 2014

$12

Lunes, 7 de julio del 2014

$11,95

Jueves, 3 de julio del 2014

$11,98

Martes, 1 de julio del 2014

$12,10

Viernes, 27 de junio del 2014

$12,10

Miércoles, 25 de junio del 2014

$12,03

Lunes, 23 de junio del 2014

$12,10

Miércoles, 18 de junio del 2014

$12,25

Lunes, 16 de junio del 2014

$11,78

Jueves, 12 de junio del 2014

$11,65

Martes, 10 de junio del 2014

$11,58

Viernes, 6 de junio del 2014

$11,55

Miércoles, 4 de junio del 2014

$11,53

Lunes, 2 de junio del 2014

$11,40

Jueves, 29 de mayo del 2014

$11,75

Martes, 27 de mayo del 2014

$11,63

Viernes, 23 de mayo del 2014

$11,59

Miércoles, 21 de mayo del 2014

$11,80

Lunes, 19 de mayo del 2014

$11,18

Jueves, 15 de mayo del 2014

$10,83

Martes, 13 de mayo del 2014

$10,75

Viernes, 9 de mayo del 2014

$10,72

Miércoles, 7 de mayo del 2014

$10,63

Lunes, 5 de mayo del 2014

$10,53

Martes, 29 de abril del 2014

$10,65

Viernes, 25 de abril del 2014

$10,73

Miércoles, 23 de abril del 2014

$10,45

Lunes, 21 de abril del 2014

$10,40

Martes, 15 de abril del 2014

$10,34

Viernes, 11 de abril del 2014

$10,34

Miércoles, 9 de abril del 2014

$10,32

Lunes, 7 de abril del 2014

$10,65

Jueves, 3 de abril del 2014

$10,78

Lunes, 31 de marzo del 2014

$10,83

Jueves, 27 de marzo del 2014

$10,88

Martes, 25 de marzo del 2014

$10,90

Jueves, 20 de marzo del 2014

$10,94

Martes, 18 de marzo del 2014

$10,92

Viernes, 14 de marzo del 2014

$10,98

Miércoles, 12 de marzo del 2014

$10,85

Lunes, 10 de marzo del 2014

$11

Jueves, 6 de marzo del 2014

$10,78

Viernes, 28 de febrero del 2014

$11,35

Miércoles, 26 de febrero del 2014

$11,60

Lunes, 24 de febrero del 2014

$11,75

Jueves, 20 de febrero del 2014

$11,82

Martes, 18 de febrero del 2014

$11,78

Viernes, 14 de febrero del 2014

$11,90

Miércoles, 12 de febrero del 2014

$11,88

Lunes, 10 de febrero del 2014

$11,90

Jueves, 6 de febrero del 2014

$12,48

Martes, 4 de febrero del 2014

$12,55

Viernes, 31 de enero del 2014

$12,63

Miércoles, 29 de enero del 2014

$12,70

Lunes, 27 de enero del 2014

$11,93

Jueves, 23 de enero del 2014

$12,61

Martes, 21 de enero del 2014

$11,76

Viernes, 17 de enero del 2014

$11,75

Miércoles, 15 de enero del 2014

$11,07

Lunes, 13 de enero del 2014

$10,79

Jueves, 9 de enero del 2014

$10,78

Martes, 7 de enero del 2014

$10,69

Viernes, 3 de enero del 2014

$10,24

Lunes, 30 de diciembre del 2013

$9,99

Jueves, 26 de diciembre del 2013

$9,80

Viernes, 20 de diciembre del 2013

$9,67

Miércoles, 18 de diciembre del 2013

$9,78

Lunes, 16 de diciembre del 2013

$9,65

Jueves, 12 de diciembre del 2013

$9,55

Martes, 10 de diciembre del 2013

$9,53

Viernes, 6 de diciembre del 2013

$9,59

Miércoles, 4 de diciembre del 2013

$9,46

Lunes, 2 de diciembre del 2013

$9,38

Jueves, 28 de noviembre del 2013

$9,71

Martes, 26 de noviembre del 2013

$9,87

Jueves, 21 de noviembre del 2013

$9,93

Martes, 19 de noviembre del 2013

$9,90

Viernes, 15 de noviembre del 2013

$9,97

Miércoles, 13 de noviembre del 2013

$9,85

Lunes, 11 de noviembre del 2013

$9,80

Jueves, 7 de noviembre del 2013

$9,81

Lunes, 4 de noviembre del 2013

$9,91

Jueves, 31 de octubre del 2013

$9,93

Martes, 29 de octubre del 2013

$9,82

Viernes, 25 de octubre del 2013

$10,05

Miércoles, 23 de octubre del 2013

$10,05

Lunes, 21 de octubre del 2013

$9,89

Jueves, 17 de octubre del 2013

$9,81

Martes, 15 de octubre del 2013

$9,66

Jueves, 10 de octubre del 2013

$9,74

Martes, 8 de octubre del 2013

$9,59

Viernes, 4 de octubre del 2013

$9,58

Miércoles, 2 de octubre del 2013

$9,55

Lunes, 30 de septiembre del 2013

$9,50

Jueves, 26 de septiembre del 2013

$9,48

Martes, 24 de septiembre del 2013

$9,38

Viernes, 20 de septiembre del 2013

$9,35

Miércoles, 18 de septiembre del 2013

$9,33

Lunes, 16 de septiembre del 2013

$9,25

Jueves, 12 de septiembre del 2013

$9,22

Martes, 10 de septiembre del 2013

$9,20

Viernes, 6 de septiembre del 2013

$9,23

Miércoles, 4 de septiembre del 2013

$9,20

Lunes, 2 de septiembre del 2013

$9,24

Jueves, 29 de agosto del 2013

$9,38

Martes, 27 de agosto del 2013

$9,22

Viernes, 23 de agosto del 2013

$8,97

Miércoles, 21 de agosto del 2013

$8,88

Viernes, 16 de agosto del 2013

$8,85

Miércoles, 14 de agosto del 2013

$8,80

Lunes, 12 de agosto del 2013

$8,75

Jueves, 8 de agosto del 2013

$8,60

Martes, 6 de agosto del 2013

$8,57

Viernes, 2 de agosto del 2013

$8,55

Miércoles, 31 de julio del 2013

$8,53

Lunes, 29 de julio del 2013

$8,52

Jueves, 25 de julio del 2013

$8,55

Martes, 23 de julio del 2013

$8,50

Viernes, 19 de julio del 2013

$8,55

Miércoles, 17 de julio del 2013

$8,75

Lunes, 15 de julio del 2013

$8,47

Jueves, 11 de julio del 2013

$8,15

Lunes, 8 de julio del 2013

$7,98

Jueves, 4 de julio del 2013

$7,97

Martes, 2 de julio del 2013

$7,96

Viernes, 28 de junio del 2013

$8,05

Miércoles, 26 de junio del 2013

$8,05

Lunes, 24 de junio del 2013

$8,02

Martes, 18 de junio del 2013

$7,93

Viernes, 14 de junio del 2013

$8

Miércoles, 12 de junio del 2013

$8,41

Lunes, 10 de junio del 2013

$8,57

Jueves, 6 de junio del 2013

$8,56

Martes, 4 de junio del 2013

$8,55

Viernes, 31 de mayo del 2013

$8,84

Miércoles, 29 de mayo del 2013

$8,88

Lunes, 27 de mayo del 2013

$8,94

Jueves, 23 de mayo del 2013

$8,62

Martes, 21 de mayo del 2013

$8,74

Viernes, 17 de mayo del 2013

$8,95

Miércoles, 15 de mayo del 2013

$9,13

Lunes, 13 de mayo del 2013

$10,03

Jueves, 9 de mayo del 2013

$10,24

Martes, 7 de mayo del 2013

$9,98

Viernes, 3 de mayo del 2013

$9,76

Martes, 30 de abril del 2013

$9,35

Viernes, 26 de abril del 2013

$9,27

Miércoles, 24 de abril del 2013

$8,90

Lunes, 22 de abril del 2013

$8,65

Jueves, 18 de abril del 2013

$8,68

Martes, 16 de abril del 2013

$8,47

Viernes, 12 de abril del 2013

$8,43

Miércoles, 10 de abril del 2013

$8,38

Lunes, 8 de abril del 2013

$8,37

Jueves, 4 de abril del 2013

$8,31

Miércoles, 27 de marzo del 2013

$8,37

Lunes, 25 de marzo del 2013

$8,38

Jueves, 21 de marzo del 2013

$8,60

Martes, 19 de marzo del 2013

$8,18

Viernes, 15 de marzo del 2013

$8,02

Miércoles, 13 de marzo del 2013

$7,88

Lunes, 11 de marzo del 2013

$7,83

Jueves, 7 de marzo del 2013

$7,83

Martes, 5 de marzo del 2013

$7,82

Viernes, 1 de marzo del 2013

$7,84

Miércoles, 27 de febrero del 2013

$7,82

Lunes, 25 de febrero del 2013

$7,79

Jueves, 21 de febrero del 2013

$7,82

Lunes, 18 de febrero del 2013

$7,71

Jueves, 14 de febrero del 2013

$7,66

Viernes, 8 de febrero del 2013

$7,68

Miércoles, 6 de febrero del 2013

$7,65

Lunes, 4 de febrero del 2013

$7,82

Miércoles, 30 de enero del 2013

$7,86

Lunes, 28 de enero del 2013

$7,64

Jueves, 24 de enero del 2013

$7,54

Martes, 22 de enero del 2013

$7,44

Viernes, 18 de enero del 2013

$7,50

Miércoles, 16 de enero del 2013

$7,43

Lunes, 14 de enero del 2013

$7,23

Jueves, 10 de enero del 2013

$7,19

Martes, 8 de enero del 2013

$7,05

Viernes, 4 de enero del 2013

$7,06

Miércoles, 2 de enero del 2013

$6,86

Viernes, 28 de diciembre del 2012

$6,79

Miércoles, 26 de diciembre del 2012

$6,63

Jueves, 20 de diciembre del 2012

$6,59

Martes, 18 de diciembre del 2012

$6,53

Viernes, 14 de diciembre del 2012

$6,53

Miércoles, 12 de diciembre del 2012

$6,46

Lunes, 10 de diciembre del 2012

$6,46

Jueves, 6 de diciembre del 2012

$6,44

Martes, 4 de diciembre del 2012

$6,44

Viernes, 30 de noviembre del 2012

$6,44

Miércoles, 28 de noviembre del 2012

$6,46

Viernes, 23 de noviembre del 2012

$6,44

Miércoles, 21 de noviembre del 2012

$6,37

Lunes, 19 de noviembre del 2012

$6,38

Jueves, 15 de noviembre del 2012

$6,35

Martes, 13 de noviembre del 2012

$6,32

Viernes, 9 de noviembre del 2012

$6,33

Miércoles, 7 de noviembre del 2012

$6,32

Viernes, 2 de noviembre del 2012

$6,34

Miércoles, 31 de octubre del 2012

$6,35

Lunes, 29 de octubre del 2012

$6,37

Jueves, 25 de octubre del 2012

$6,37

Martes, 23 de octubre del 2012

$6,30

Viernes, 19 de octubre del 2012

$6,32

Miércoles, 17 de octubre del 2012

$6,28

Lunes, 15 de octubre del 2012

$6,20

Jueves, 11 de octubre del 2012

$6,21

Martes, 9 de octubre del 2012

$6,19

Jueves, 4 de octubre del 2012

$6,22

Martes, 2 de octubre del 2012

$6,26

Viernes, 28 de septiembre del 2012

$6,30

Miércoles, 26 de septiembre del 2012

$6,31

Viernes, 21 de septiembre del 2012

$6,32

Miércoles, 19 de septiembre del 2012

$6,31

Lunes, 17 de septiembre del 2012

$6,31

Jueves, 13 de septiembre del 2012

$6,31

Martes, 11 de septiembre del 2012

$6,32

Viernes, 7 de septiembre del 2012

$6,34

Miércoles, 5 de septiembre del 2012

$6,35

Lunes, 3 de septiembre del 2012

$6,36

Jueves, 30 de agosto del 2012

$6,37

Martes, 28 de agosto del 2012

$6,37

Viernes, 24 de agosto del 2012

$6,42

Miércoles, 22 de agosto del 2012

$6,38

Viernes, 17 de agosto del 2012

$6,33

Miércoles, 15 de agosto del 2012

$6,31

Lunes, 13 de agosto del 2012

$6,28

Jueves, 9 de agosto del 2012

$6,26

Martes, 7 de agosto del 2012

$6,23

Viernes, 3 de agosto del 2012

$6,21

Miércoles, 1 de agosto del 2012

$6,30

Lunes, 30 de julio del 2012

$6,41

Jueves, 26 de julio del 2012

$6,44

Martes, 24 de julio del 2012

$6,43

Viernes, 20 de julio del 2012

$6,53

Miércoles, 18 de julio del 2012

$6,67

Lunes, 16 de julio del 2012

$6,24

Jueves, 12 de julio del 2012

$6,05

Martes, 10 de julio del 2012

$5,97

Jueves, 5 de julio del 2012

$5,96

Martes, 3 de julio del 2012

$5,96

Viernes, 29 de junio del 2012

$5,97

Miércoles, 27 de junio del 2012

$5,95

Lunes, 25 de junio del 2012

$5,98

Jueves, 21 de junio del 2012

$5,96

Lunes, 18 de junio del 2012

$5,93

Jueves, 14 de junio del 2012

$5,93

Martes, 12 de junio del 2012

$5,94

Viernes, 8 de junio del 2012

$5,95

Miércoles, 6 de junio del 2012

$5,95

Jueves, 31 de mayo del 2012

$5,91

Martes, 29 de mayo del 2012

$5,90

Jueves, 24 de mayo del 2012

$6,04

Martes, 22 de mayo del 2012

$5,83

Viernes, 18 de mayo del 2012

$5,61

Miércoles, 16 de mayo del 2012

$5,52

Lunes, 14 de mayo del 2012

$5,23

Jueves, 10 de mayo del 2012

$5,09

Martes, 8 de mayo del 2012

$5,06

Viernes, 4 de mayo del 2012

$5,05

Miércoles, 2 de mayo del 2012

$5,09

Jueves, 26 de abril del 2012

$5,12

Martes, 24 de abril del 2012

$5,09

Viernes, 20 de abril del 2012

$5,02

Miércoles, 18 de abril del 2012

$5,02

Lunes, 16 de abril del 2012

$4,94

Jueves, 12 de abril del 2012

$4,90

Martes, 10 de abril del 2012

$4,89

Miércoles, 4 de abril del 2012

$4,90

Viernes, 30 de marzo del 2012

$4,94

Miércoles, 28 de marzo del 2012

$4,93

Lunes, 26 de marzo del 2012

$4,90

Jueves, 22 de marzo del 2012

$4,87

Martes, 20 de marzo del 2012

$4,81

Viernes, 16 de marzo del 2012

$4,81

Miércoles, 14 de marzo del 2012

$4,73

Lunes, 12 de marzo del 2012

$4,72

Jueves, 8 de marzo del 2012

$4,71

Martes, 6 de marzo del 2012

$4,69

Viernes, 2 de marzo del 2012

$4,70

Miércoles, 29 de febrero del 2012

$4,73

Viernes, 24 de febrero del 2012

$4,73

Miércoles, 22 de febrero del 2012

$4,75

Jueves, 16 de febrero del 2012

$4,75

Martes, 14 de febrero del 2012

$4,74

Viernes, 10 de febrero del 2012

$4,76

Miércoles, 8 de febrero del 2012

$4,73

Lunes, 6 de febrero del 2012

$4,78

Jueves, 2 de febrero del 2012

$4,78

Martes, 31 de enero del 2012

$4,80

Viernes, 27 de enero del 2012

$4,85

Miércoles, 25 de enero del 2012

$4,84

Lunes, 23 de enero del 2012

$4,84

Jueves, 19 de enero del 2012

$4,84

Martes, 17 de enero del 2012

$4,81

Viernes, 13 de enero del 2012

$4,81

Miércoles, 11 de enero del 2012

$4,80

Lunes, 9 de enero del 2012

$4,79

Jueves, 5 de enero del 2012

$4,79

Martes, 3 de enero del 2012

$4,75

Jueves, 29 de diciembre del 2011

$4,74

Martes, 27 de diciembre del 2011

$4,69

Jueves, 22 de diciembre del 2011

$4,64

Martes, 20 de diciembre del 2011

$4,64

Viernes, 16 de diciembre del 2011

$4,62

Miércoles, 14 de diciembre del 2011

$4,62

Lunes, 12 de diciembre del 2011

$4,68

Martes, 6 de diciembre del 2011

$4,71

Viernes, 2 de diciembre del 2011

$4,74

Miércoles, 30 de noviembre del 2011

$4,75

Viernes, 25 de noviembre del 2011

$4,74

Miércoles, 23 de noviembre del 2011

$4,70

Lunes, 21 de noviembre del 2011

$4,73

Jueves, 17 de noviembre del 2011

$4,73

Martes, 15 de noviembre del 2011

$4,77

Viernes, 11 de noviembre del 2011

$5,00

Miércoles, 9 de noviembre del 2011

$4,81

Lunes, 7 de noviembre del 2011

$4,68

Jueves, 3 de noviembre del 2011

$4,69

Martes, 1 de noviembre del 2011

$4,56

Viernes, 28 de octubre del 2011

$4,50

Miércoles, 26 de octubre del 2011

$4,48

Lunes, 24 de octubre del 2011

$4,47

Jueves, 20 de octubre del 2011

$4,46

Martes, 18 de octubre del 2011

$4,42

Viernes, 14 de octubre del 2011

$4,43

Miércoles, 12 de octubre del 2011

$4,39

Viernes, 7 de octubre del 2011

$4,41

Miércoles, 5 de octubre del 2011

$4,44

Lunes, 3 de octubre del 2011

$4,43

Jueves, 29 de septiembre del 2011

$4,44

Martes, 27 de septiembre del 2011

$4,46

Viernes, 23 de septiembre del 2011

$4,47

Miércoles, 21 de septiembre del 2011

$4,44

Lunes, 19 de septiembre del 2011

$4,44

Jueves, 15 de septiembre del 2011

$4,44

Martes, 13 de septiembre del 2011

$4,44

Viernes, 9 de septiembre del 2011

$4,43

Miércoles, 7 de septiembre del 2011

$4,43

Lunes, 5 de septiembre del 2011

$4,43

Jueves, 1 de septiembre del 2011

$4,43

Martes, 30 de agosto del 2011

$4,44

Viernes, 26 de agosto del 2011

$4,43

Miércoles, 24 de agosto del 2011

$4,38

Viernes, 19 de agosto del 2011

$4,37

Miércoles, 17 de agosto del 2011

$4,36

Lunes, 15 de agosto del 2011

$4,35

Jueves, 11 de agosto del 2011

$4,35

Martes, 9 de agosto del 2011

$4,32

Viernes, 5 de agosto del 2011

$4,32

Miércoles, 3 de agosto del 2011

$4,33

Lunes, 1 de agosto del 2011

$4,33

Jueves, 28 de julio del 2011

$4,35

Martes, 26 de julio del 2011

$4,34

Viernes, 22 de julio del 2011

$4,32

Miércoles, 20 de julio del 2011

$4,31

Lunes, 18 de julio del 2011

$4,29

Jueves, 14 de julio del 2011

$4,29

Martes, 12 de julio del 2011

$4,27

Viernes, 8 de julio del 2011

$4,26

Miércoles, 6 de julio del 2011

$4,27

Lunes, 4 de julio del 2011

$4,28

Jueves, 30 de junio del 2011

$4,28

Martes, 28 de junio del 2011

$4,29

Viernes, 24 de junio del 2011

$4,30

Miércoles, 22 de junio del 2011

$4,30

Viernes, 17 de junio del 2011

$4,31

Miércoles, 15 de junio del 2011

$4,30

Lunes, 13 de junio del 2011

$4,26

Jueves, 9 de junio del 2011

$4,27

Martes, 7 de junio del 2011

$4,27

Viernes, 3 de junio del 2011

$4,29

Miércoles, 1 de junio del 2011

$4,31

Lunes, 30 de mayo del 2011

$4,34

Jueves, 26 de mayo del 2011

$4,35

Lunes, 23 de mayo del 2011

$4,34

Jueves, 19 de mayo del 2011

$4,33

Martes, 17 de mayo del 2011

$4,31

Viernes, 13 de mayo del 2011

$4,29

Miércoles, 11 de mayo del 2011

$4,28

Lunes, 9 de mayo del 2011

$4,27

Jueves, 5 de mayo del 2011

$4,27

Martes, 3 de mayo del 2011

$4,28

Viernes, 29 de abril del 2011

$4,32

Miércoles, 27 de abril del 2011

$4,29

Lunes, 25 de abril del 2011

$4,23

Martes, 19 de abril del 2011

$4,21

Viernes, 15 de abril del 2011

$4,20

Miércoles, 13 de abril del 2011

$4,18

Lunes, 11 de abril del 2011

$4,16

Jueves, 7 de abril del 2011

$4,16

Martes, 5 de abril del 2011

$4,16

Viernes, 1 de abril del 2011

$4,16

Miércoles, 30 de marzo del 2011

$4,17

Lunes, 28 de marzo del 2011

$4,17

Martes, 22 de marzo del 2011

$4,16

Viernes, 18 de marzo del 2011

$4,16

Miércoles, 16 de marzo del 2011

$4,17

Lunes, 14 de marzo del 2011

$4,14

Jueves, 10 de marzo del 2011

$4,12

Viernes, 4 de marzo del 2011

$4,14

Miércoles, 2 de marzo del 2011

$4,15

Lunes, 28 de febrero del 2011

$4,16

Jueves, 24 de febrero del 2011

$4,17

Martes, 22 de febrero del 2011

$4,16

Viernes, 18 de febrero del 2011

$4,18

Miércoles, 16 de febrero del 2011

$4,17

Lunes, 14 de febrero del 2011

$4,15

Jueves, 10 de febrero del 2011

$4,14

Martes, 8 de febrero del 2011

$4,13

Viernes, 4 de febrero del 2011

$4,12

Miércoles, 2 de febrero del 2011

$4,13

Lunes, 31 de enero del 2011

$4,15

Jueves, 27 de enero del 2011

$4,15

Martes, 25 de enero del 2011

$4,14

Viernes, 21 de enero del 2011

$4,15

Miércoles, 19 de enero del 2011

$4,15

Lunes, 17 de enero del 2011

$4,14

Jueves, 13 de enero del 2011

$4,14

Martes, 11 de enero del 2011

$4,12

Viernes, 7 de enero del 2011

$4,13

Miércoles, 5 de enero del 2011

$4,13

Lunes, 3 de enero del 2011

$4,11

Miércoles, 29 de diciembre del 2010

$4,12

Lunes, 27 de diciembre del 2010

$4,09

Miércoles, 22 de diciembre del 2010

$4,08

Lunes, 20 de diciembre del 2010

$4,08

Jueves, 16 de diciembre del 2010

$4,07

Martes, 14 de diciembre del 2010

$4,05

Viernes, 10 de diciembre del 2010

$4,04

Martes, 7 de diciembre del 2010

$4,04

Viernes, 3 de diciembre del 2010

$4,06

Miércoles, 1 de diciembre del 2010

$4,06

Lunes, 29 de noviembre del 2010

$4,06

Jueves, 25 de noviembre del 2010

$4,07

Martes, 23 de noviembre del 2010

$4,06

Jueves, 18 de noviembre del 2010

$4,06

Martes, 16 de noviembre del 2010

$4,04

Viernes, 12 de noviembre del 2010

$4,04

Miércoles, 10 de noviembre del 2010

$4,03

Lunes, 8 de noviembre del 2010

$4,02

Jueves, 4 de noviembre del 2010

$4,04

Martes, 2 de noviembre del 2010

$4,04

Viernes, 29 de octubre del 2010

$4,04

Martes, 26 de octubre del 2010

$4,04

Viernes, 22 de octubre del 2010

$4,04

Miércoles, 20 de octubre del 2010

$4,04

Lunes, 18 de octubre del 2010

$4,03

Jueves, 14 de octubre del 2010

$4,02

Martes, 12 de octubre del 2010

$4

Jueves, 7 de octubre del 2010

$4,02

Martes, 5 de octubre del 2010

$4,02

Viernes, 1 de octubre del 2010

$4,03

Miércoles, 29 de septiembre del 2010

$4,03

Lunes, 27 de septiembre del 2010

$4,03

Jueves, 23 de septiembre del 2010

$4,03

Martes, 21 de septiembre del 2010

$4,01

Viernes, 17 de septiembre del 2010

$4,01

Miércoles, 15 de septiembre del 2010

$4,01

Lunes, 13 de septiembre del 2010

$4

Jueves, 9 de septiembre del 2010

$4

Martes, 7 de septiembre del 2010

$4,00

Viernes, 3 de septiembre del 2010

$4,01

Miércoles, 1 de septiembre del 2010

$4,01

Lunes, 30 de agosto del 2010

$4,02

Jueves, 26 de agosto del 2010

$4,03

Martes, 24 de agosto del 2010

$4,01

Viernes, 20 de agosto del 2010

$4,01

Miércoles, 18 de agosto del 2010

$4,01

Viernes, 13 de agosto del 2010

$4,02

Miércoles, 11 de agosto del 2010

$4

Lunes, 9 de agosto del 2010

$4,00

Jueves, 5 de agosto del 2010

$4,02

Martes, 3 de agosto del 2010

$4,02

Viernes, 30 de julio del 2010

$4,03

Miércoles, 28 de julio del 2010

$4,03

Lunes, 26 de julio del 2010

$4,02

Jueves, 22 de julio del 2010

$4,02

Martes, 20 de julio del 2010

$4,01

Viernes, 16 de julio del 2010

$4,01

Miércoles, 14 de julio del 2010

$4,01

Lunes, 12 de julio del 2010

$3,98

Miércoles, 7 de julio del 2010

$3,99

Lunes, 5 de julio del 2010

$4,01

Jueves, 1 de julio del 2010

$4,01

Martes, 29 de junio del 2010

$4

Viernes, 25 de junio del 2010

$4,03

Miércoles, 23 de junio del 2010

$4,02

Viernes, 18 de junio del 2010

$4,03

Miércoles, 16 de junio del 2010

$4,02

Lunes, 14 de junio del 2010

$4,01

Jueves, 10 de junio del 2010

$4,03

Martes, 8 de junio del 2010

$4,00

Viernes, 4 de junio del 2010

$4

Miércoles, 2 de junio del 2010

$3,99

Lunes, 31 de mayo del 2010

$3,97

Jueves, 27 de mayo del 2010

$3,96

Viernes, 21 de mayo del 2010

$3,97

Miércoles, 19 de mayo del 2010

$3,95

Lunes, 17 de mayo del 2010

$3,95

Jueves, 13 de mayo del 2010

$3,95

Martes, 11 de mayo del 2010

$3,93

Viernes, 7 de mayo del 2010

$3,93

Miércoles, 5 de mayo del 2010

$3,92

Lunes, 3 de mayo del 2010

$3,92

Jueves, 29 de abril del 2010

$3,92

Martes, 27 de abril del 2010

$3,92

Viernes, 23 de abril del 2010

$3,92

Miércoles, 21 de abril del 2010

$3,92

Lunes, 19 de abril del 2010

$3,92

Jueves, 15 de abril del 2010

$3,92

Martes, 13 de abril del 2010

$3,90

Viernes, 9 de abril del 2010

$3,90

Miércoles, 7 de abril del 2010

$3,89

Lunes, 5 de abril del 2010

$3,88

Martes, 30 de marzo del 2010

$3,90

Viernes, 26 de marzo del 2010

$3,90

Martes, 23 de marzo del 2010

$3,90

Viernes, 19 de marzo del 2010

$3,91

Miércoles, 17 de marzo del 2010

$3,91

Lunes, 15 de marzo del 2010

$3,91

Jueves, 11 de marzo del 2010

$3,91

Martes, 9 de marzo del 2010

$3,90

Viernes, 5 de marzo del 2010

$3,91

Miércoles, 3 de marzo del 2010

$3,91

Lunes, 1 de marzo del 2010

$3,92

Jueves, 25 de febrero del 2010

$3,93

Martes, 23 de febrero del 2010

$3,93

Viernes, 19 de febrero del 2010

$3,95

Miércoles, 17 de febrero del 2010

$3,95

Lunes, 15 de febrero del 2010

$3,94

Jueves, 11 de febrero del 2010

$3,93

Martes, 9 de febrero del 2010

$3,91

Viernes, 5 de febrero del 2010

$3,92

Miércoles, 3 de febrero del 2010

$3,91

Lunes, 1 de febrero del 2010

$3,89

Jueves, 28 de enero del 2010

$3,90

Martes, 26 de enero del 2010

$3,89

Viernes, 22 de enero del 2010

$3,88

Miércoles, 20 de enero del 2010

$3,88

Lunes, 18 de enero del 2010

$3,88

Jueves, 14 de enero del 2010

$3,89

Martes, 12 de enero del 2010

$3,87

Viernes, 8 de enero del 2010

$3,87

Miércoles, 6 de enero del 2010

$3,87

Lunes, 4 de enero del 2010

$3,86

Miércoles, 30 de diciembre del 2009

$3,87

Lunes, 28 de diciembre del 2009

$3,85

Miércoles, 23 de diciembre del 2009

$3,84

Lunes, 21 de diciembre del 2009

$3,84

Jueves, 17 de diciembre del 2009

$3,85

Martes, 15 de diciembre del 2009

$3,83

Viernes, 11 de diciembre del 2009

$3,81

Miércoles, 9 de diciembre del 2009

$3,80

Viernes, 4 de diciembre del 2009

$3,81

Miércoles, 2 de diciembre del 2009

$3,80

Lunes, 30 de noviembre del 2009

$3,81

Jueves, 26 de noviembre del 2009

$3,82

Martes, 24 de noviembre del 2009

$3,82

Viernes, 20 de noviembre del 2009

$3,84

Miércoles, 18 de noviembre del 2009

$3,84

Lunes, 16 de noviembre del 2009

$3,82

Jueves, 12 de noviembre del 2009

$3,80

Martes, 10 de noviembre del 2009

$3,79

Jueves, 5 de noviembre del 2009

$3,80

Martes, 3 de noviembre del 2009

$3,81

Viernes, 30 de octubre del 2009

$3,83

Miércoles, 28 de octubre del 2009

$3,84

Lunes, 26 de octubre del 2009

$3,83

Jueves, 22 de octubre del 2009

$3,84

Martes, 20 de octubre del 2009

$3,83

Viernes, 16 de octubre del 2009

$3,83

Miércoles, 14 de octubre del 2009

$3,83

Viernes, 9 de octubre del 2009

$3,84

Miércoles, 7 de octubre del 2009

$3,84

Lunes, 5 de octubre del 2009

$3,84

Jueves, 1 de octubre del 2009

$3,84

Martes, 29 de septiembre del 2009

$3,86

Viernes, 25 de septiembre del 2009

$3,87

Miércoles, 23 de septiembre del 2009

$3,87

Lunes, 21 de septiembre del 2009

$3,86

Jueves, 17 de septiembre del 2009

$3,86

Martes, 15 de septiembre del 2009

$3,86

Viernes, 11 de septiembre del 2009

$3,86

Miércoles, 9 de septiembre del 2009

$3,84

Lunes, 7 de septiembre del 2009

$3,85

Jueves, 3 de septiembre del 2009

$3,87

Martes, 1 de septiembre del 2009

$3,85

Viernes, 28 de agosto del 2009

$3,86

Miércoles, 26 de agosto del 2009

$3,86

Lunes, 24 de agosto del 2009

$3,88

Jueves, 20 de agosto del 2009

$3,89

Martes, 18 de agosto del 2009

$3,87

Jueves, 13 de agosto del 2009

$3,86

Martes, 11 de agosto del 2009

$3,85

Viernes, 7 de agosto del 2009

$3,85

Miércoles, 5 de agosto del 2009

$3,86

Lunes, 3 de agosto del 2009

$3,87

Jueves, 30 de julio del 2009

$3,88

Martes, 28 de julio del 2009

$3,87

Viernes, 24 de julio del 2009

$3,89

Miércoles, 22 de julio del 2009

$3,88

Lunes, 20 de julio del 2009

$3,88

Jueves, 16 de julio del 2009

$3,87

Martes, 14 de julio del 2009

$3,84

Viernes, 10 de julio del 2009

$3,84

Martes, 7 de julio del 2009

$3,84

Viernes, 3 de julio del 2009

$3,86

Miércoles, 1 de julio del 2009

$3,85

Lunes, 29 de junio del 2009

$3,87

Jueves, 25 de junio del 2009

$3,89

Martes, 23 de junio del 2009

$3,90

Viernes, 19 de junio del 2009

$3,88

Miércoles, 17 de junio del 2009

$3,85

Viernes, 12 de junio del 2009

$3,85

Miércoles, 10 de junio del 2009

$3,82

Lunes, 8 de junio del 2009

$3,81

Jueves, 4 de junio del 2009

$3,81

Martes, 2 de junio del 2009

$3,81

Viernes, 29 de mayo del 2009

$3,80

Miércoles, 27 de mayo del 2009

$3,80

Viernes, 22 de mayo del 2009

$3,80

Miércoles, 20 de mayo del 2009

$3,80

Lunes, 18 de mayo del 2009

$3,78

Jueves, 14 de mayo del 2009

$3,78

Martes, 12 de mayo del 2009

$3,76

Viernes, 8 de mayo del 2009

$3,75

Miércoles, 6 de mayo del 2009

$3,74

Lunes, 4 de mayo del 2009

$3,74

Miércoles, 29 de abril del 2009

$3,75

Lunes, 27 de abril del 2009

$3,75

Jueves, 23 de abril del 2009

$3,74

Martes, 21 de abril del 2009

$3,73

Viernes, 17 de abril del 2009

$3,74

Miércoles, 15 de abril del 2009

$3,72

Lunes, 13 de abril del 2009

$3,71

Martes, 7 de abril del 2009

$3,71

Viernes, 3 de abril del 2009

$3,76

Martes, 31 de marzo del 2009

$3,80

Viernes, 27 de marzo del 2009

$3,80

Miércoles, 25 de marzo del 2009

$3,76

Viernes, 20 de marzo del 2009

$3,76

Miércoles, 18 de marzo del 2009

$3,75

Lunes, 16 de marzo del 2009

$3,74

Jueves, 12 de marzo del 2009

$3,74

Martes, 10 de marzo del 2009

$3,72

Viernes, 6 de marzo del 2009

$3,73

Miércoles, 4 de marzo del 2009

$3,72

Lunes, 2 de marzo del 2009

$3,66

Jueves, 26 de febrero del 2009

$3,67

Martes, 24 de febrero del 2009

$3,67

Viernes, 20 de febrero del 2009

$3,62

Miércoles, 18 de febrero del 2009

$3,56

Lunes, 16 de febrero del 2009

$3,55

Jueves, 12 de febrero del 2009

$3,55

Martes, 10 de febrero del 2009

$3,55

Viernes, 6 de febrero del 2009

$3,55

Miércoles, 4 de febrero del 2009

$3,55

Lunes, 2 de febrero del 2009

$3,54

Jueves, 29 de enero del 2009

$3,55

Martes, 27 de enero del 2009

$3,53

Viernes, 23 de enero del 2009

$3,52

Miércoles, 21 de enero del 2009

$3,51

Lunes, 19 de enero del 2009

$3,52

Jueves, 15 de enero del 2009

$3,54

Martes, 13 de enero del 2009

$3,52

Viernes, 9 de enero del 2009

$3,54

Miércoles, 7 de enero del 2009

$3,55

Lunes, 5 de enero del 2009

$3,53

Miércoles, 31 de diciembre del 2008

$3,54

Lunes, 29 de diciembre del 2008

$3,48

Miércoles, 24 de diciembre del 2008

$3,45

Lunes, 22 de diciembre del 2008

$3,47

Jueves, 18 de diciembre del 2008

$3,47

Martes, 16 de diciembre del 2008

$3,47

Viernes, 12 de diciembre del 2008

$3,48

Miércoles, 10 de diciembre del 2008

$3,49

Viernes, 5 de diciembre del 2008

$3,51

Miércoles, 3 de diciembre del 2008

$3,45

Lunes, 1 de diciembre del 2008

$3,42

Jueves, 27 de noviembre del 2008

$3,41

Martes, 25 de noviembre del 2008

$3,38

Viernes, 21 de noviembre del 2008

$3,38

Miércoles, 19 de noviembre del 2008

$3,38

Lunes, 17 de noviembre del 2008

$3,37

Jueves, 13 de noviembre del 2008

$3,39

Martes, 11 de noviembre del 2008

$3,33

Viernes, 7 de noviembre del 2008

$3,37

Martes, 4 de noviembre del 2008

$3,41

Viernes, 31 de octubre del 2008

$3,48

Miércoles, 29 de octubre del 2008

$3,46

Lunes, 27 de octubre del 2008

$3,42

Jueves, 23 de octubre del 2008

$3,33

Martes, 21 de octubre del 2008

$3,30

Viernes, 17 de octubre del 2008

$3,33

Miércoles, 15 de octubre del 2008

$3,28

Viernes, 10 de octubre del 2008

$3,35

Miércoles, 8 de octubre del 2008

$3,31

Lunes, 6 de octubre del 2008

$3,21

Jueves, 2 de octubre del 2008

$3,17

Martes, 30 de septiembre del 2008

$3,15

Viernes, 26 de septiembre del 2008

$3,15

Miércoles, 24 de septiembre del 2008

$3,16

Lunes, 22 de septiembre del 2008

$3,15

Jueves, 18 de septiembre del 2008

$3,19

Martes, 16 de septiembre del 2008

$3,16

Viernes, 12 de septiembre del 2008

$3,12

Miércoles, 10 de septiembre del 2008

$3,11

Lunes, 8 de septiembre del 2008

$3,07

Jueves, 4 de septiembre del 2008

$3,08

Martes, 2 de septiembre del 2008

$3,06

Viernes, 29 de agosto del 2008

$3,07

Miércoles, 27 de agosto del 2008

$3,07

Lunes, 25 de agosto del 2008

$3,07

Jueves, 21 de agosto del 2008

$3,07

Martes, 19 de agosto del 2008

$3,07

Jueves, 14 de agosto del 2008

$3,08

Martes, 12 de agosto del 2008

$3,08

Viernes, 8 de agosto del 2008

$3,08

Miércoles, 6 de agosto del 2008

$3,06

Lunes, 4 de agosto del 2008

$3,06

Jueves, 31 de julio del 2008

$3,07

Martes, 29 de julio del 2008

$3,07

Viernes, 25 de julio del 2008

$3,07

Miércoles, 23 de julio del 2008

$3,07

Lunes, 21 de julio del 2008

$3,08

Jueves, 17 de julio del 2008

$3,09

Martes, 15 de julio del 2008

$3,08

Viernes, 11 de julio del 2008

$3,08

Martes, 8 de julio del 2008

$3,05

Viernes, 4 de julio del 2008

$3,06

Miércoles, 2 de julio del 2008

$3,05

Lunes, 30 de junio del 2008

$3,08

Jueves, 26 de junio del 2008

$3,09

Martes, 24 de junio del 2008

$3,07

Viernes, 20 de junio del 2008

$3,11

Miércoles, 18 de junio del 2008

$3,13

Viernes, 13 de junio del 2008

$3,13

Miércoles, 11 de junio del 2008

$3,14

Lunes, 9 de junio del 2008

$3,16

Jueves, 5 de junio del 2008

$3,16

Martes, 3 de junio del 2008

$3,16

Viernes, 30 de mayo del 2008

$3,19

Miércoles, 28 de mayo del 2008

$3,21

Lunes, 26 de mayo del 2008

$3,23

Jueves, 22 de mayo del 2008

$3,22

Martes, 20 de mayo del 2008

$3,22

Viernes, 16 de mayo del 2008

$3,25

Miércoles, 14 de mayo del 2008

$3,26

Lunes, 12 de mayo del 2008

$3,28

Jueves, 8 de mayo del 2008

$3,26

Martes, 6 de mayo del 2008

$3,23

Viernes, 2 de mayo del 2008

$3,23

Martes, 29 de abril del 2008

$3,23

Viernes, 25 de abril del 2008

$3,25

Miércoles, 23 de abril del 2008

$3,24

Lunes, 21 de abril del 2008

$3,22

Jueves, 17 de abril del 2008

$3,22

Martes, 15 de abril del 2008

$3,19

Viernes, 11 de abril del 2008

$3,20

Miércoles, 9 de abril del 2008

$3,19

Lunes, 7 de abril del 2008

$3,19

Jueves, 3 de abril del 2008

$3,19

Lunes, 31 de marzo del 2008

$3,19

Jueves, 27 de marzo del 2008

$3,20

Martes, 25 de marzo del 2008

$3,18

Martes, 18 de marzo del 2008

$3,19

Viernes, 14 de marzo del 2008

$3,19

Miércoles, 12 de marzo del 2008

$3,17

Lunes, 10 de marzo del 2008

$3,17

Jueves, 6 de marzo del 2008

$3,18

Martes, 4 de marzo del 2008

$3,18

Viernes, 29 de febrero del 2008

$3,19

Miércoles, 27 de febrero del 2008

$3,19

Lunes, 25 de febrero del 2008

$3,18

Jueves, 21 de febrero del 2008

$3,18

Martes, 19 de febrero del 2008

$3,18

Viernes, 15 de febrero del 2008

$3,18

Miércoles, 13 de febrero del 2008

$3,18

Lunes, 11 de febrero del 2008

$3,17

Jueves, 7 de febrero del 2008

$3,18

Martes, 5 de febrero del 2008

$3,17

Viernes, 1 de febrero del 2008

$3,17

Miércoles, 30 de enero del 2008

$3,18

Lunes, 28 de enero del 2008

$3,19

Jueves, 24 de enero del 2008

$3,19

Martes, 22 de enero del 2008

$3,19

Viernes, 18 de enero del 2008

$3,18

Miércoles, 16 de enero del 2008

$3,17

Lunes, 14 de enero del 2008

$3,18

Jueves, 10 de enero del 2008

$3,17

Martes, 8 de enero del 2008

$3,18

Viernes, 4 de enero del 2008

$3,17

Miércoles, 2 de enero del 2008

$3,17